Location,Area_sqft,Bedrooms,Bathrooms,Age_years,Amenities_count,Furnishing_score,Price_INR
Kolkata,1360,8,5,20,1,1.0,12590152.216299532
Chennai,8822,6,5,1,3,0.5,82491400.49470823
Pune,2933,5,1,11,1,0.5,24231399.84109495
Mysuru,3247,3,4,2,4,1.0,24317726.59188188
Kolkata,5893,4,1,13,1,0.5,43743134.834069334
Hyderabad,6735,7,4,7,2,0.5,68683447.28197043
Mumbai,2085,8,4,1,5,0.5,41336981.58766406
Chennai,7373,2,2,35,5,1.0,65582158.143929504
Mysuru,8129,7,4,39,4,0.0,55349966.73312208
Delhi,5359,9,5,14,4,0.0,75196728.24766666
Mumbai,8506,9,1,43,2,1.0,162052263.7206403
Mumbai,6392,7,2,40,3,1.0,121460032.27520747
Mumbai,3604,7,5,34,3,0.5,65883927.337043256
Chennai,8610,3,1,4,1,1.0,87631990.13323
Kolkata,9562,9,2,41,3,0.0,72607249.770702
Mumbai,9255,4,5,22,4,1.0,167484766.22116068
Bangalore,5136,4,5,31,2,1.0,64407350.07831833
Pune,4127,4,3,27,0,1.0,40246044.74187466
Pune,7892,1,1,26,5,0.0,71622978.84573318
Kolkata,9401,8,3,8,5,0.0,73605881.17192051
Mumbai,1163,6,1,48,5,0.0,19521739.456828345
Kolkata,8054,1,5,48,0,1.0,57489382.49473957
Mumbai,5237,6,5,31,0,0.0,91945728.9076035
Hyderabad,6291,6,4,10,2,0.0,63052564.98139541
Kolkata,4889,8,5,33,5,0.5,36678100.669752955
Mumbai,9839,6,5,2,3,1.0,180945023.41361332
Hyderabad,7046,3,3,19,3,0.0,67602479.93810964
Delhi,5236,9,1,49,5,0.5,79523567.94139573
Bangalore,762,9,4,48,1,0.0,9364117.827501621
Mumbai,7900,3,3,47,2,0.5,147135305.93218336
Mysuru,2148,8,4,37,3,0.5,15244103.823860755
Pune,1456,9,4,32,3,0.0,13339789.655446468
Pune,9992,4,3,16,0,1.0,85119196.12896891
Pune,2193,6,5,7,2,1.0,21667318.862433523
Delhi,5393,1,4,46,0,0.0,73984624.35010837
Hyderabad,5142,1,1,43,3,0.5,46459982.98952688
Chennai,1569,5,3,40,4,0.0,15104642.888469746
Bangalore,1199,1,4,20,0,1.0,15132693.72372837
Mysuru,2316,6,2,2,5,0.5,17504798.748587824
Delhi,1284,8,1,8,2,0.5,18881543.840782195
Mysuru,7706,7,2,34,1,0.0,48349695.77416453
Kolkata,8492,4,5,19,0,0.5,65422824.89781592
Mysuru,9663,3,4,33,1,1.0,59651511.999475636
Delhi,1074,6,2,21,0,0.5,16946263.3890632
Pune,4354,6,3,36,0,0.0,41398456.05215609
Mysuru,7527,3,4,15,4,0.5,49895326.81084477
Hyderabad,2193,3,1,18,3,0.5,21708616.261212625
Delhi,1012,2,1,39,4,0.0,14261801.05943241
Mumbai,3843,7,5,21,4,1.0,71984225.90950447
Bangalore,7753,9,5,13,3,0.0,92412811.00457028
Kolkata,2641,4,5,11,1,0.5,17938128.470873564
Mumbai,7921,5,2,9,5,0.0,136556096.77790192
Hyderabad,3349,4,2,18,1,0.0,37056720.27242197
Mysuru,3339,7,2,48,3,1.0,22765042.871631168
Hyderabad,2187,2,3,32,0,0.0,21845312.029480867
Bangalore,6036,8,2,42,3,0.0,72789388.5625591
Chennai,4607,2,5,49,2,1.0,43212101.4877387
Delhi,917,3,1,6,3,0.5,13740730.141626319
Chennai,6245,8,4,24,4,0.0,58210360.273711495
Mumbai,3467,3,1,34,3,0.5,60512268.458074875
Mumbai,2643,8,5,11,0,1.0,52452976.15819615
Mumbai,6417,1,1,19,0,0.5,120100194.65261449
Chennai,1198,3,1,35,3,0.0,10854121.040546453
Mysuru,5446,5,5,34,3,0.0,35516375.79747048
Hyderabad,6088,4,5,22,0,1.0,62291832.93242259
Kolkata,7041,5,3,22,4,1.0,52109902.231383085
Bangalore,7301,9,2,43,0,0.0,86430621.31081769
Mysuru,6813,9,2,26,1,0.5,48387839.90272408
Chennai,6672,5,3,7,4,0.0,63854392.18682498
Kolkata,4812,4,4,5,3,1.0,39423416.378474936
Bangalore,7088,6,3,9,1,1.0,87272941.00712264
Chennai,5349,4,4,7,4,1.0,50595488.60639424
Mumbai,3572,3,5,27,5,0.0,60112512.81118495
Mysuru,1428,6,5,5,1,0.0,10614263.73621982
Mysuru,6816,5,5,10,3,0.0,47788062.16202849
Mumbai,6690,9,1,13,0,0.0,115230367.48343155
Pune,8553,3,1,10,3,0.5,86570187.67350876
Mysuru,9837,4,2,7,1,0.5,62651790.040000975
Hyderabad,5464,9,4,26,5,1.0,51765833.948162206
Hyderabad,3279,3,5,5,1,1.0,35624152.564679876
Mysuru,5304,9,2,9,5,0.5,34839538.17627151
Mysuru,2693,1,3,20,1,1.0,18427538.896253575
Mumbai,4425,1,5,32,1,0.0,72794038.60946828
Mysuru,2500,5,5,37,2,0.0,15860010.91873529
Kolkata,7640,5,5,9,1,1.0,58765624.23097392
Pune,2548,3,5,12,3,0.5,22524512.957266867
Mumbai,5476,8,2,27,1,0.5,107451888.63475774
Bangalore,4863,1,4,4,5,0.5,60302769.418683134
Bangalore,7044,7,5,20,5,0.5,87558273.80544536
Delhi,6741,2,3,33,3,0.0,94106679.51951261
Pune,8148,8,4,29,1,1.0,78823171.33656265
Delhi,6827,1,2,16,3,0.0,98663892.42402953
Delhi,8441,5,2,12,5,1.0,109424176.38441421
Kolkata,1260,7,3,15,3,0.0,11346173.49220979
Bangalore,2387,3,3,28,1,0.0,27641193.259196647
Chennai,7177,5,1,4,0,0.5,66871053.76901623
Pune,3093,1,2,44,2,0.0,26282184.756749265
Pune,6993,1,2,35,0,0.0,58910728.270019725
Bangalore,1776,4,2,27,5,0.5,23001181.648103084
Kolkata,1418,2,2,37,2,1.0,10157195.274383198
Kolkata,8652,7,5,27,1,1.0,63245913.43727486
Delhi,625,9,1,12,3,0.0,10059725.860021232
Hyderabad,8061,3,1,44,1,1.0,86531570.84119315
Kolkata,8443,8,1,43,2,0.5,65390061.057304226
Mumbai,3239,2,3,44,5,0.0,55679346.09315512
Mysuru,7486,8,1,2,2,1.0,48266915.2640844
Mysuru,4824,4,2,19,3,1.0,33195283.188321408
Mumbai,3051,6,3,1,2,0.5,58000677.592639305
Bangalore,6816,5,2,3,2,0.0,84039354.3005865
Mumbai,6733,6,5,10,3,0.0,133449538.1407544
Bangalore,4244,6,2,9,4,1.0,49640964.715899974
Mysuru,2119,1,5,8,0,0.0,14487978.51532217
Bangalore,3990,1,5,43,1,0.5,46078128.322631165
Mumbai,5915,6,4,28,2,0.0,100421806.79381692
Chennai,6913,3,5,36,4,1.0,67588790.7589219
Hyderabad,1100,9,2,39,5,1.0,13962691.00514324
Chennai,7065,1,1,24,0,0.0,68543231.28398924
Chennai,4187,8,3,38,2,0.5,35874026.24416645
Pune,1702,8,2,14,4,0.0,17735073.426533017
Hyderabad,2704,6,1,32,4,0.0,27301553.597332228
Bangalore,1450,1,4,21,1,0.5,19207360.351857856
Pune,6528,4,5,23,3,1.0,60334685.99425045
Chennai,4219,5,5,46,3,0.0,41562341.93003842
Bangalore,1293,5,4,10,5,0.5,18810045.826035403
Mysuru,6666,8,2,24,0,1.0,46477479.20807169
Hyderabad,4951,4,5,36,1,0.0,53221690.915615946
Hyderabad,6524,6,3,28,5,0.0,65692293.82244653
Pune,6232,5,2,45,3,0.5,58122583.822196454
Kolkata,3372,1,3,39,4,1.0,25189408.97275397
Hyderabad,6956,5,2,40,2,1.0,68564635.6119742
Hyderabad,1036,6,2,6,1,1.0,12447448.285349349
Bangalore,9646,3,1,6,3,0.5,126765942.82509547
Chennai,6475,1,1,28,2,0.5,59106009.25814379
Mumbai,1466,1,4,40,0,0.5,24846577.01501997
Pune,5682,8,1,6,0,0.0,49004907.14485198
Mysuru,9414,1,5,28,5,1.0,56293082.9854858
Delhi,1268,3,2,1,5,0.0,20292135.967354484
Kolkata,6516,8,5,38,2,0.5,44834451.028747216
Delhi,6805,1,4,31,1,1.0,95193433.55948666
Kolkata,6454,8,3,7,5,0.0,50680866.09126234
Kolkata,3800,3,3,32,3,1.0,30510623.936900478
Mysuru,3038,4,4,36,5,0.0,20465630.43320864
Pune,1322,2,2,6,0,1.0,13517629.148474516
Delhi,9205,1,5,19,2,0.5,135206359.18615386
Kolkata,1909,3,4,19,4,0.0,15900495.17345033
Delhi,7583,3,4,21,3,0.0,95045250.00146
Delhi,3179,7,1,49,2,0.0,44480178.21440428
Chennai,1804,7,1,21,2,0.5,16769946.60077314
Hyderabad,7309,2,5,10,5,0.5,79772789.7221814
Mumbai,7684,5,1,37,1,1.0,139591386.63827986
Chennai,8541,6,5,26,0,1.0,83849328.68444893
Hyderabad,6636,5,2,44,0,0.5,69200914.8650523
Chennai,8143,2,4,42,0,1.0,77827152.80426757
Chennai,8840,8,3,35,0,1.0,84331083.16266225
Kolkata,9942,6,2,46,5,0.5,71556244.02823758
Hyderabad,9442,4,3,34,3,1.0,98605926.11056472
Mumbai,7601,2,1,25,1,0.0,127581632.28635022
Mumbai,1740,8,2,24,2,1.0,31012288.78108472
Delhi,1752,3,2,11,2,0.0,23423669.681810606
Pune,8907,3,5,16,4,0.5,80689772.44705224
Mysuru,9401,8,1,17,0,1.0,62113964.677649625
Delhi,8738,7,1,22,1,0.0,123631911.57897991
Pune,890,5,1,47,1,1.0,7894355.936649693
Pune,2919,7,3,17,2,0.5,28924112.800310485
Kolkata,5892,8,3,43,3,0.0,44883025.90614103
Mysuru,4778,7,4,38,0,0.0,30411181.45974155
Pune,1420,2,1,15,4,0.5,13332997.972495962
Bangalore,3741,2,3,12,4,0.5,48334563.61686285
Mysuru,4310,7,4,28,5,0.0,28372774.831554413
Mumbai,771,8,4,46,0,0.5,12504235.793690637
Pune,1420,7,4,4,0,0.5,15073316.52691709
Mysuru,2533,4,2,36,0,0.0,15658347.568413245
Chennai,8673,9,1,23,3,1.0,83793373.96044782
Mysuru,7986,8,3,12,1,0.0,51252252.993856475
Kolkata,6190,8,4,28,5,0.0,47419055.24585554
Mumbai,6902,8,5,4,5,1.0,124681560.70723064
Kolkata,3236,9,3,19,1,0.0,25190742.039038673
Delhi,9541,1,3,31,2,0.5,125547812.36049823
Chennai,7787,9,1,3,5,0.0,73939431.17251338
Mumbai,1718,9,2,11,1,0.0,31942550.469332263
Kolkata,1454,2,4,14,5,1.0,12683956.09048192
Pune,8728,5,5,16,1,0.0,86744519.75258714
Mysuru,817,3,2,2,1,1.0,7358103.772477268
Mysuru,7814,8,4,32,2,1.0,54268582.612524964
Mysuru,2204,9,5,41,3,1.0,15377536.341322916
Chennai,1056,9,3,30,1,0.5,11720255.289158177
Mysuru,7006,5,2,35,1,0.5,43836822.94980047
Delhi,5843,1,1,16,1,0.0,84963652.39478777
Bangalore,1507,6,3,29,1,0.0,18296404.346629914
Hyderabad,2882,5,5,21,3,0.5,30742996.633067835
Hyderabad,1540,6,1,9,5,0.0,16307299.605642071
Bangalore,5846,4,5,11,4,1.0,79483634.7250931
Mumbai,8313,3,3,22,1,0.5,139310574.01899433
Kolkata,3842,7,5,28,2,0.5,26937656.88614466
Kolkata,3655,6,3,26,2,0.0,28564868.51660912
Chennai,4679,6,3,4,2,1.0,47673495.631713904
Mumbai,1433,2,5,34,0,0.0,25878157.211464137
Hyderabad,2755,8,4,45,0,0.0,29866141.65853936
Chennai,3880,8,3,45,1,1.0,35977031.747998714
Chennai,6155,3,4,45,0,0.5,58858660.13510477
Pune,2375,4,1,37,0,1.0,20050719.164455593
Delhi,5963,8,3,12,0,0.0,89835057.611344
Delhi,1889,6,3,44,0,0.0,27112915.32445024
Mumbai,7231,9,4,19,0,0.5,137696257.8679716
Mysuru,6547,2,4,32,1,0.0,41535741.579470254
Mumbai,7232,4,2,21,1,0.5,126364936.438572
Kolkata,589,2,2,41,3,0.0,3402954.383233213
Mumbai,1052,2,4,7,1,0.5,21074483.004371304
Hyderabad,8942,7,3,19,3,0.5,90218125.55535468
Bangalore,7794,9,4,41,5,1.0,101659968.13545835
Delhi,7679,7,4,12,0,0.0,100424494.4561471
Pune,3927,8,5,31,2,0.5,38785295.81066149
Pune,7557,3,5,31,0,1.0,64932541.27378218
Bangalore,6736,6,1,6,3,0.0,84500672.21514066
Pune,658,8,4,36,3,0.5,7201927.292589206
Hyderabad,9965,5,2,35,1,1.0,105551197.98759995
Delhi,1894,6,5,11,2,0.0,29868086.33605406
Mumbai,4091,4,2,43,5,0.5,73121409.77461562
Delhi,874,5,5,37,4,0.0,12876728.57689979
Kolkata,513,8,1,19,1,1.0,5640994.706316755
Pune,3716,9,1,27,1,1.0,32868985.710863225
Mysuru,5055,8,4,44,2,0.5,35505222.245872736
Bangalore,1129,9,1,4,3,1.0,15522033.18316766
Bangalore,6552,5,4,36,0,0.0,72492810.52211083
Mysuru,2703,6,4,19,1,0.5,19065513.037861843
Hyderabad,781,1,3,5,4,0.0,8314012.544198306
Bangalore,7480,1,1,13,3,0.5,88089490.12768424
Bangalore,625,2,1,49,4,0.0,5263462.4922833145
Kolkata,5842,8,3,49,3,0.5,46664915.16210246
Delhi,1391,7,2,20,0,1.0,20073051.5949522
Mysuru,7312,6,5,46,5,1.0,50795657.84972336
Delhi,6589,2,2,16,1,1.0,95557017.66629468
Mysuru,1486,8,1,45,3,0.0,9751296.678859703
Pune,3624,5,1,25,5,0.5,33752349.22782745
Delhi,1203,6,1,32,0,0.0,16858597.945937548
Chennai,3730,9,3,3,1,0.0,38428949.37928224
Pune,2167,6,3,5,1,0.5,21111427.699877944
Chennai,5950,1,1,20,0,0.5,58497168.316274375
Kolkata,2690,5,3,28,0,0.0,19578849.93264899
Hyderabad,7510,8,2,1,5,0.0,72326334.77502947
Bangalore,6728,8,2,5,3,0.0,83056467.01558872
Kolkata,8734,7,2,43,2,1.0,62341337.081826895
Chennai,8712,7,3,15,4,1.0,85708230.14636764
Kolkata,640,6,3,33,5,0.0,5283412.821106627
Hyderabad,7651,5,4,45,2,0.0,76744137.45683669
Mysuru,605,4,2,1,0,0.0,5329282.569585598
Hyderabad,2637,9,3,6,3,0.5,28333290.901351817
Kolkata,2859,1,2,41,3,0.5,21223822.055183675
Kolkata,5791,8,5,41,2,0.0,46581966.70276491
Pune,9935,9,2,8,1,0.5,93475797.54709177
Mumbai,6795,1,2,26,4,0.5,126649666.22474758
Kolkata,3773,9,2,18,3,0.5,30990619.901010565
Mumbai,982,2,1,20,0,0.5,17764830.107615083
Hyderabad,8122,9,5,24,1,1.0,83055017.12618722
Kolkata,7280,7,1,48,2,1.0,57814567.77591125
Hyderabad,1741,6,2,31,4,0.5,17785373.853515986
Hyderabad,8343,3,1,7,0,1.0,89758298.95850684
Chennai,7204,2,4,4,3,1.0,65065906.9146668
Mysuru,7897,8,2,2,5,0.0,49990986.16715722
Delhi,5791,2,1,34,1,1.0,80257993.15213142
Pune,4711,8,4,35,4,0.0,46084426.56271204
Kolkata,707,9,4,16,3,1.0,8487293.39155747
Mysuru,736,7,4,39,5,0.0,5564780.017768836
Mumbai,785,5,4,5,5,0.5,17109615.168680932
Mysuru,5395,1,5,15,3,0.5,35543067.58522025
Chennai,2908,5,2,26,0,0.0,27062673.97121352
Mumbai,6462,3,4,22,1,0.5,121909162.83850238
Bangalore,4937,5,4,41,3,1.0,60187947.58606909
Mumbai,9285,3,2,29,5,0.5,164551948.65678337
Pune,8764,5,3,1,2,0.5,79153630.52991502
Bangalore,7873,4,2,9,0,0.5,95506338.60215184
Pune,5417,4,3,34,0,0.5,50798472.43499358
Mumbai,6272,5,2,7,4,0.5,105673850.93836366
Chennai,7679,4,2,28,3,1.0,74084018.27603753
Pune,3219,2,4,22,2,1.0,29035555.100575466
Bangalore,1189,8,1,22,2,0.0,15070637.606806573
Bangalore,5948,3,4,32,3,1.0,69627062.68853088
Hyderabad,9511,4,4,37,1,1.0,92201127.46580374
Chennai,8370,3,3,27,5,0.5,78585824.37144749
Chennai,4981,5,5,9,1,1.0,46830033.46689929
Chennai,6856,2,5,20,4,0.5,61589147.690979265
Bangalore,5298,5,4,25,5,0.5,62451535.54148874
Hyderabad,5219,2,3,40,4,0.0,55223850.08231356
Chennai,3172,9,1,8,0,0.0,31352389.430656012
Delhi,1071,1,2,49,1,0.0,13131941.02346182
Mysuru,7369,8,1,14,0,1.0,53224581.9069759
Mysuru,7840,3,5,31,3,0.0,49517122.35029887
Mysuru,3956,3,3,23,0,0.0,25516900.661175612
Hyderabad,6920,8,2,30,5,1.0,68928286.43547367
Delhi,9464,6,2,37,3,0.0,140356548.43254402
Kolkata,4339,8,1,8,1,1.0,34427931.286965825
Pune,7479,9,1,24,1,1.0,68293606.88744763
Pune,7410,2,2,20,3,1.0,67882960.92121418
Chennai,6803,2,3,9,0,0.5,66408522.45727455
Kolkata,6284,8,3,13,3,0.5,50759195.1059771
Pune,1185,1,5,34,1,0.5,10592652.920237977
Kolkata,538,1,4,40,1,0.0,2898504.5772325643
Mysuru,801,8,4,31,2,0.5,7083428.063458754
Pune,4830,9,4,28,4,0.5,46101570.18850379
Hyderabad,8974,2,3,22,3,0.0,86726676.63725477
Pune,4254,5,5,32,2,1.0,39958379.404013306
Mumbai,7795,5,2,15,0,0.0,134829032.8314119
Bangalore,948,4,3,31,1,0.5,11828174.961993208
Mysuru,6945,7,3,26,1,0.0,42585861.96145549
Mysuru,5632,9,4,35,5,0.5,36756568.01690498
Delhi,8104,9,4,10,2,1.0,120334048.71235524
Kolkata,5689,8,3,36,1,1.0,47818331.56608332
Mysuru,1513,3,2,36,5,0.0,9245981.62034095
Pune,2523,7,5,9,5,0.5,26888925.00254764
Hyderabad,3063,3,5,15,1,1.0,31403749.048232134
Hyderabad,4459,8,2,29,1,1.0,47935679.00271644
Mumbai,3890,3,5,11,5,0.5,69840692.09266424
Pune,1367,3,5,35,5,1.0,12814847.93239812
Kolkata,2151,1,3,27,2,1.0,17283241.152530406
Bangalore,1519,6,5,32,0,0.5,20242744.042161636
Bangalore,9090,6,4,10,0,0.5,114107149.66803001
Mysuru,9528,9,4,9,1,1.0,63267200.19037852
Mumbai,8686,3,5,18,1,1.0,163988433.69727623
Pune,5517,3,5,28,4,0.0,51737743.48588426
Hyderabad,3831,7,2,34,0,0.0,38113018.56101016
Hyderabad,1185,9,4,23,0,0.0,12460474.197309392
Bangalore,2474,8,2,15,5,1.0,30894988.153343823
Delhi,8396,6,4,8,4,1.0,120955614.00788532
Mumbai,1171,8,3,19,4,0.5,21772908.646857448
Delhi,3039,8,1,36,1,0.0,44287624.91465857
Delhi,8600,8,1,18,2,0.0,113833327.47780474
Chennai,7088,9,1,49,4,1.0,70395538.90380123
Kolkata,2836,1,5,33,3,0.5,20889628.003156286
Bangalore,7066,6,1,16,1,0.5,88311075.98927067
Delhi,2037,6,1,1,1,0.5,29756097.736606456
Mysuru,4250,6,4,23,5,1.0,28811420.500195295
Kolkata,5555,7,5,19,1,1.0,43833070.42160758
Hyderabad,6274,8,5,14,5,0.5,64435923.05628063
Delhi,4367,1,2,24,5,1.0,57096954.38454732
Mysuru,9759,1,2,34,5,1.0,67042507.48818059
Delhi,6046,3,5,10,3,0.5,88474753.3350021
Mysuru,8587,9,4,36,4,1.0,54514916.90545764
Pune,5723,2,2,19,5,0.5,53656383.53210243
Kolkata,5443,3,5,2,2,0.5,42830933.13945314
Hyderabad,3700,7,5,31,3,1.0,36404219.90267652
Chennai,2807,6,3,31,0,1.0,28490227.284316353
Kolkata,5608,5,5,33,3,0.5,42972481.07974918
Delhi,8938,5,1,2,0,0.0,123014181.93683976
Pune,7288,3,5,27,4,0.0,67835456.7115234
Hyderabad,1145,3,4,43,0,1.0,11659107.700245366
Mumbai,9846,5,4,25,5,0.0,184596906.36321512
Chennai,2215,2,1,46,1,0.5,18756508.302809346
Mysuru,6916,5,4,10,5,1.0,52344776.754785046
Bangalore,9622,1,4,15,1,0.5,110754569.00346488
Hyderabad,6644,8,3,3,1,0.0,70164066.6279023
Kolkata,6425,5,3,45,3,0.5,47708663.13509745
Mumbai,2287,2,3,32,5,1.0,42545066.075034045
Bangalore,2954,2,4,7,5,1.0,40056117.40634769
Bangalore,9287,1,1,39,5,0.5,108753048.72735141
Pune,2250,6,1,18,5,1.0,22800364.836954296
Hyderabad,5575,7,1,18,3,0.5,59730388.01662308
Mysuru,1433,5,5,35,0,0.5,9856624.028683614
Hyderabad,2262,9,3,13,5,0.0,24003085.38892429
Hyderabad,8759,8,2,40,4,0.5,90861204.47730762
Pune,2979,3,3,45,1,0.0,28607198.7314376
Kolkata,1160,5,4,36,2,0.0,8778990.277987724
Mumbai,9750,1,2,23,0,0.0,189792342.07931203
Kolkata,1947,6,4,45,0,1.0,15048365.569105195
Mysuru,8486,6,4,28,2,1.0,59463210.321234584
Kolkata,1271,6,4,44,2,0.5,9392004.586599821
Bangalore,9802,6,1,17,0,0.0,112626029.49085492
Hyderabad,9421,8,3,41,0,0.0,93172773.20947902
Mysuru,8833,3,5,19,0,0.0,51836900.64592332
Chennai,5593,1,1,7,2,0.0,56225454.59219138
Mumbai,1203,6,1,8,4,0.0,22339724.886447612
Mumbai,1355,5,3,38,0,1.0,27310784.785134
Bangalore,5502,1,4,18,3,0.0,66023139.91329703
Chennai,9824,1,5,25,3,0.5,97055042.01316518
Pune,4241,7,1,46,3,0.5,39020959.83040878
Delhi,4533,4,1,35,1,0.0,62099452.197534814
Hyderabad,4308,3,1,38,1,1.0,40906083.24733423
Chennai,4700,2,3,10,4,0.5,43281911.25706588
Mumbai,8044,7,4,2,3,0.5,147542170.12940732
Bangalore,2128,6,3,15,5,0.5,27390415.09883393
Bangalore,2782,1,5,14,1,0.0,33382969.296838406
Chennai,5169,1,1,22,0,0.5,50005994.51439233
Delhi,7063,3,5,8,4,0.5,104990956.58776425
Delhi,3759,2,3,2,3,1.0,53694504.114931054
Bangalore,1641,4,4,32,1,0.0,19819393.090216752
Kolkata,3767,5,1,0,3,1.0,30778609.226259086
Hyderabad,1942,1,1,37,4,0.5,18668175.09683566
Mysuru,4199,8,4,37,0,1.0,27484006.078856215
Chennai,7569,8,3,2,2,0.0,75625702.63391551
Hyderabad,8333,6,3,26,1,1.0,77133770.5530823
Chennai,2669,5,2,36,2,1.0,25593031.44093931
Pune,1285,9,1,28,4,1.0,13442490.576189142
Chennai,4307,6,4,4,4,0.0,43877222.17232684
Mumbai,2432,2,5,21,4,1.0,44295186.2757609
Delhi,1939,3,2,48,4,0.5,27899745.894499063
Kolkata,8991,7,4,0,3,1.0,70124685.06549926
Kolkata,7152,1,3,17,5,0.0,50951280.25937841
Mysuru,7405,3,5,38,4,0.0,54326610.23241224
Bangalore,6707,5,2,10,5,0.0,75638053.73312654
Kolkata,3711,6,5,10,3,0.0,28598163.885996334
Pune,1382,3,2,47,3,0.5,12302646.06245073
Kolkata,8429,4,3,32,5,1.0,65141426.657063104
Mumbai,7142,2,1,13,2,0.5,113529769.14126432
Hyderabad,2470,4,5,34,0,0.0,25981026.888578292
Mysuru,8242,6,3,4,4,1.0,55846201.83406103
Pune,2224,7,2,31,5,0.0,22980326.483157463
Chennai,2499,2,1,23,2,0.5,24388915.664531305
Mumbai,8401,3,3,49,1,0.0,148990544.7641749
Chennai,6644,5,5,39,4,0.0,62189446.4432556
Kolkata,8948,4,3,1,0,0.5,68248968.11055148
Pune,2514,6,3,34,2,0.5,22409082.301974256
Hyderabad,5909,3,3,37,1,0.0,62637934.459857054
Mysuru,7855,2,2,25,4,1.0,51915504.4656585
Kolkata,3055,2,3,7,5,0.5,25816580.087104138
Mumbai,6289,5,5,20,2,0.0,115749229.97190996
Bangalore,7980,9,1,22,5,0.5,106397394.82136372
Hyderabad,9351,2,2,27,5,0.0,99143401.57552129
Mysuru,7346,4,5,22,1,1.0,50670048.52134989
Mumbai,8258,9,1,28,1,0.5,155877432.28730047
Mysuru,6852,7,2,7,0,0.5,48301732.91507011
Chennai,9359,9,1,42,2,0.0,85103483.12226252
Bangalore,6293,4,4,17,2,0.0,69098671.45720938
Mysuru,6591,3,5,16,1,1.0,41846318.22955441
Delhi,2448,1,4,26,0,1.0,36450440.06671021
Mumbai,4107,1,4,46,0,0.5,77433303.45092201
Mumbai,7622,3,4,36,1,0.0,139484085.90970665
Hyderabad,9715,9,3,46,1,0.5,97089493.28363986
Bangalore,5855,9,4,6,0,0.0,76828670.75180978
Kolkata,4924,6,3,21,0,0.0,36929347.39775785
Kolkata,9888,2,1,23,3,0.5,74874194.52862364
Pune,1961,1,4,20,3,1.0,18430347.146566648
Bangalore,2048,9,1,9,4,1.0,25380516.63383728
Pune,8516,4,2,34,0,1.0,72676315.56460631
Kolkata,3161,1,4,23,4,1.0,26505226.645826563
Kolkata,3727,1,4,11,2,0.5,28106364.477310415
Chennai,6318,9,2,36,5,1.0,62135842.901469566
Hyderabad,4209,5,4,12,3,1.0,47828050.22624357
Bangalore,5052,8,1,22,0,0.0,56369310.4811415
Bangalore,9180,2,2,27,4,1.0,106315569.74908115
Hyderabad,7114,4,2,39,0,1.0,73204460.27444644
Hyderabad,777,9,1,25,3,1.0,9795219.485023426
Delhi,525,9,2,44,2,1.0,8459033.984191738
Hyderabad,5602,1,1,46,3,0.5,55906295.84157941
Mysuru,8105,9,1,45,1,0.5,50770102.06071936
Pune,2196,2,3,33,4,0.5,21939329.85838725
Chennai,8057,6,2,13,1,0.5,75793308.88984859
Pune,6137,8,4,44,2,0.0,55202859.91287926
Mumbai,6974,2,3,30,3,0.5,127478741.45429713
Hyderabad,3243,9,4,10,4,0.0,33307812.247539457
Delhi,7686,7,2,25,5,1.0,105048966.54927103
Mumbai,8936,2,2,7,4,0.5,172771819.67546207
Mysuru,3923,4,1,42,0,1.0,25737365.599127732
Chennai,6717,4,5,27,3,0.5,68229225.28414935
Kolkata,8648,8,2,39,1,1.0,64360976.10205856
Chennai,4944,3,4,12,4,0.5,49112329.301738776
Hyderabad,7932,6,3,33,2,0.0,74175800.86583596
Chennai,8278,1,3,25,5,0.0,72244915.98379043
Delhi,8807,4,5,26,1,0.0,119257994.4896444
Chennai,4199,7,2,10,0,0.0,39862490.86129752
Chennai,2413,1,1,21,1,0.0,21916599.35636627
Mysuru,3371,3,5,34,3,0.5,20727370.577120293
Bangalore,1632,7,2,39,4,0.0,20387191.02602136
Hyderabad,1922,2,4,44,4,0.0,18916398.71562071
Mysuru,1114,9,3,3,1,1.0,10384109.031017212
Kolkata,4107,8,2,3,2,0.5,34971593.159336686
Mumbai,7114,5,4,22,4,0.0,135096718.49113363
Mumbai,1324,9,4,5,4,0.0,23470002.68996961
Delhi,7034,7,5,19,2,1.0,106459438.24498098
Hyderabad,3740,5,5,22,1,0.5,36896719.95963413
Pune,3249,5,1,47,2,1.0,28568071.893715102
Bangalore,7714,6,4,38,5,0.0,87689923.58173361
Pune,3208,8,1,15,2,1.0,33871843.24637909
Bangalore,9212,1,3,31,1,0.5,112355724.98899001
Mumbai,3332,4,4,46,0,1.0,58922627.09330953
Mumbai,5810,9,3,35,0,0.0,106394551.8836464
Kolkata,7861,8,3,5,0,1.0,65115453.43638751
Pune,4164,2,3,40,4,0.0,38423038.35714659
Chennai,4857,4,4,2,0,1.0,50227473.03658686
Chennai,2730,1,1,2,1,1.0,28841790.32899151
Hyderabad,2067,4,2,48,2,1.0,19008866.85153879
Bangalore,3472,3,1,32,0,1.0,41067559.04987362
Chennai,2740,5,3,15,5,0.0,27484823.81389191
Kolkata,951,7,2,21,2,0.0,8074269.401497966
Chennai,3777,8,3,49,2,1.0,36809420.95178815
Pune,639,1,1,4,0,0.5,6196243.362991505
Chennai,6761,8,3,32,5,0.5,71634476.20471263
Chennai,8558,2,4,32,4,0.5,78918643.92557532
Kolkata,6858,3,5,19,4,0.5,52663043.25165502
Delhi,6660,2,2,4,3,0.5,93276680.34712236
Mumbai,2488,2,2,19,0,0.0,42066243.10977434
Bangalore,6741,9,3,15,1,0.5,76098505.37203343
Pune,4617,7,3,28,5,1.0,47343682.51091959
Bangalore,4054,2,5,33,5,1.0,48089342.708469704
Pune,2242,9,1,31,5,0.0,19341385.573574066
Delhi,8119,1,3,25,0,0.5,114528141.54817055
Chennai,5257,3,5,21,3,0.5,49756731.71533093
Mumbai,4896,4,1,8,3,1.0,89340911.62509003
Mumbai,8317,4,1,44,5,0.5,143243118.06100377
Pune,5437,2,3,49,2,1.0,50225798.52373248
Chennai,7794,9,4,46,3,0.0,63946794.081443466
Bangalore,1359,1,3,40,1,0.5,16011086.396168994
Hyderabad,9060,5,4,46,0,0.0,88792837.6496262
Delhi,4401,1,3,15,1,0.5,64281085.72147052
Mysuru,2026,2,3,35,2,1.0,12525887.447095245
Delhi,1369,1,3,45,2,0.5,18454847.40642277
Delhi,7364,9,5,5,2,0.0,110101709.7434889
Mumbai,5244,2,3,20,1,0.0,92507855.41605812
Delhi,4958,6,2,39,3,0.5,71639728.02252272
Hyderabad,8197,2,3,12,3,0.5,83784813.09078197
Mysuru,8826,6,4,27,0,1.0,60987336.89739905
Chennai,5603,5,1,9,3,0.0,53798422.77642612
Delhi,3168,4,3,34,3,0.0,48334036.84194803
Mumbai,8968,4,1,44,5,1.0,145622502.82631487
Mysuru,6621,1,2,38,0,0.0,41158097.384077795
Bangalore,3094,7,1,4,1,1.0,37893151.80724227
Mumbai,6719,7,3,29,0,1.0,115594695.22054142
Chennai,3200,4,5,16,4,0.5,32625329.79447089
Chennai,9337,2,1,29,0,0.5,85168651.7227933
Hyderabad,8806,4,2,8,1,1.0,84205537.43633573
Pune,2794,6,3,14,5,1.0,24709310.444563117
Pune,4052,3,3,9,1,0.0,39793610.81110117
Chennai,9637,2,3,12,5,0.0,94834617.03013778
Chennai,6052,5,5,28,1,0.0,64373469.92512766
Kolkata,5888,5,2,48,2,1.0,45449079.55014532
Bangalore,8942,3,5,42,1,0.0,113769689.98318982
Pune,7311,9,1,28,0,0.5,66671446.8733215
Bangalore,7273,9,5,18,2,0.5,95109179.2327826
Mumbai,5494,5,1,39,1,1.0,94743008.52257179
Mysuru,3081,6,4,46,0,1.0,19835735.196675017
Hyderabad,5280,2,2,12,4,0.5,48752073.22074736
Bangalore,502,6,3,3,2,1.0,8994318.132730428
Delhi,6739,2,1,8,3,1.0,98664105.36712363
Kolkata,5667,9,4,7,0,0.5,46558020.49339857
Delhi,2392,7,2,16,2,0.0,35744363.068161726
Bangalore,5178,9,4,5,4,0.5,62193934.04129047
Mumbai,1490,3,5,25,3,0.5,30304370.328756787
Delhi,3391,6,3,39,4,1.0,51269686.00951457
Delhi,2129,1,2,1,1,1.0,32156819.83639356
Mysuru,883,6,1,46,2,0.5,5772368.606239163
Bangalore,6704,1,5,31,3,0.0,76087238.12042567
Hyderabad,8457,7,5,14,3,1.0,90381379.49962325
Kolkata,5433,8,4,36,3,0.0,40494049.47284009
Kolkata,3081,6,5,20,2,1.0,25173660.737436064
Chennai,3375,8,2,47,5,0.0,33189458.431341294
Mysuru,4672,6,2,1,2,0.0,31550121.347171456
Pune,5488,6,3,19,3,1.0,57686131.89940274
Mysuru,6896,1,3,10,2,0.0,42517083.833587416
Bangalore,9641,5,3,21,5,1.0,121249522.71500345
Mysuru,6547,7,3,34,2,0.0,45756427.427066326
Chennai,567,3,3,1,1,0.0,6047357.995880005
Bangalore,6539,2,4,4,2,0.0,77269946.17833982
Bangalore,6280,2,4,48,1,0.5,72351696.99732915
Bangalore,3461,7,2,22,2,0.0,42593501.05325959
Hyderabad,4216,7,1,24,0,0.5,41413287.6579262
Mysuru,7482,4,1,14,3,0.5,48477427.50907091
Pune,7586,1,5,45,5,0.5,73256125.02188331
Hyderabad,1819,6,4,29,5,1.0,20895683.928505328
Hyderabad,3755,2,5,48,5,0.5,37581820.96553616
Mysuru,6555,6,4,7,4,0.5,46677745.773889184
Pune,5235,4,4,15,5,0.5,48866730.400621675
Bangalore,1762,8,3,22,0,1.0,26052950.688231256
Bangalore,2759,5,2,16,0,1.0,33714370.14421695
Kolkata,4356,3,3,33,1,1.0,32844160.171384502
Hyderabad,3117,2,3,19,1,0.5,33620847.41025547
Chennai,9275,8,4,22,2,0.5,78505352.39279333
Mysuru,9595,8,4,9,3,0.0,60055533.22967012
Hyderabad,2648,6,4,30,1,0.5,26006739.65004127
Kolkata,2379,8,2,30,2,0.5,18601885.74647846
Pune,1789,8,3,43,3,0.5,17053945.220288023
Kolkata,3716,1,2,41,4,0.5,29586576.689872384
Mysuru,1029,3,4,39,0,1.0,6827052.853364543
Delhi,9986,7,5,16,0,0.5,141307675.91860795
Mysuru,946,6,3,6,0,1.0,7901864.57460082
Mysuru,7685,7,4,24,5,0.0,55683572.73252419
Hyderabad,2381,6,4,38,0,0.0,23798058.043860216
Mysuru,3758,6,4,29,2,1.0,26551073.524406187
Pune,7355,7,1,5,5,1.0,67510277.7027994
Delhi,4982,1,3,30,4,1.0,79012805.86782347
Kolkata,7031,2,1,19,3,0.0,58598868.08092536
Mumbai,3479,1,1,14,4,0.0,59539174.62251023
Bangalore,4704,7,3,25,2,0.0,55005246.10013088
Kolkata,8847,9,5,15,1,0.5,75418716.85535055
Kolkata,7251,2,5,45,5,0.5,50480003.17188962
Chennai,2147,7,1,39,2,1.0,21219053.539253812
Kolkata,7569,1,1,8,5,1.0,60798667.05711833
Mumbai,9759,3,3,33,0,1.0,189547468.15533328
Mumbai,5548,8,3,11,0,1.0,101379775.08403236
Mysuru,3613,3,3,38,2,1.0,22963401.13232298
Chennai,4424,8,2,37,4,0.0,44087750.21705277
Mysuru,9190,6,1,48,2,1.0,59302027.62110262
Bangalore,9778,8,3,38,3,1.0,118404767.1596995
Mumbai,9721,3,4,1,5,1.0,179057718.42147556
Pune,6820,4,2,12,3,0.5,70620039.66219601
Mysuru,3676,4,4,45,2,0.5,22906979.503578193
Mysuru,5391,1,2,17,0,1.0,34911177.79664809
Hyderabad,5067,2,4,37,3,1.0,48320155.29190839
Pune,9228,2,3,23,5,0.5,85001545.69668105
Delhi,1596,4,2,18,2,0.0,22521474.34284513
Mumbai,6805,7,2,19,3,1.0,133748011.91615656
Hyderabad,4682,7,1,24,1,0.5,48117158.44986989
Hyderabad,6052,4,5,32,3,0.5,63158452.98039534
Chennai,8685,4,1,20,0,0.5,86737718.65124047
Mysuru,8031,7,4,26,1,0.0,53281755.47840377
Hyderabad,3273,8,3,39,1,0.5,34210116.18513966
Chennai,6509,5,5,44,5,0.0,63452338.67938505
Chennai,1084,2,1,39,3,1.0,10413862.059595512
Hyderabad,4506,8,5,27,1,0.5,51514426.85412343
Mumbai,9306,5,2,30,3,0.0,164141820.18771327
Mysuru,2932,1,1,41,5,0.5,20090708.50067256
Chennai,5954,1,3,44,5,1.0,56741048.6788497
Chennai,9348,6,1,47,5,0.0,85519107.81097664
Pune,7009,8,5,14,5,0.0,62647171.042033315
Chennai,1515,3,4,5,4,0.5,14426321.287880374
Delhi,8484,7,1,33,1,1.0,104873905.14588028
Pune,3118,2,2,3,0,0.0,27670309.821315195
Pune,8066,3,3,46,3,1.0,71857802.23644955
Hyderabad,8595,8,5,16,2,0.5,85420436.78167273
Mumbai,2902,4,5,5,1,0.5,51690605.37617254
Pune,4407,8,3,15,3,0.5,40284030.7199656
Hyderabad,5024,2,3,7,2,1.0,52525010.91249189
Mumbai,7619,3,2,37,1,0.5,141529946.55589727
Chennai,922,2,3,44,4,0.5,8807760.877512971
Pune,7263,4,5,22,5,0.5,67285921.27118185
Delhi,1947,9,5,9,3,0.5,29817732.257217474
Bangalore,3677,1,4,3,0,0.0,44582349.17010072
Bangalore,1225,8,3,21,0,0.5,15627417.019930247
Bangalore,6134,9,4,11,5,0.0,79207314.83739476
Delhi,9532,7,2,18,4,1.0,134937792.79469952
Kolkata,3471,2,5,47,0,0.5,21908204.48064075
Pune,4061,9,2,29,0,0.0,39149542.81977849
Delhi,6078,5,5,21,4,1.0,94408912.85021973
Kolkata,4292,2,4,41,1,0.5,31124088.621432934
Bangalore,2053,3,5,25,5,0.0,23483378.55517759
Hyderabad,5086,4,2,25,2,1.0,49263871.651711844
Kolkata,2402,7,4,11,4,0.5,21316481.09027528
Bangalore,516,1,4,20,4,0.5,6853864.713995145
Chennai,9617,7,2,6,4,0.0,88984873.25699872
Chennai,7440,3,4,46,5,1.0,68766118.53719455
Chennai,7978,4,5,19,0,0.5,74453765.17439426
Kolkata,9879,2,2,4,5,0.5,81518181.45237346
Chennai,9521,6,5,35,5,1.0,88189375.05412167
Hyderabad,8410,3,3,37,5,1.0,82940396.58669697
Mysuru,9079,2,2,4,3,1.0,61893035.704768114
Pune,4248,6,2,3,4,0.5,40370712.66784465
Kolkata,5175,3,2,29,2,0.0,37566665.91447773
Chennai,5808,3,5,31,1,1.0,51772054.15396877
Hyderabad,8651,1,5,30,2,0.0,78060916.77392535
Bangalore,1386,5,4,6,1,1.0,18125775.73208896
Delhi,7354,2,2,23,3,1.0,100292192.13285868
Delhi,4542,8,2,42,2,0.0,65761668.09665295
Mumbai,9536,8,1,41,4,0.5,171770465.13853118
Mysuru,1760,6,1,19,1,1.0,13177559.093671031
Hyderabad,6043,9,4,25,0,0.5,58247825.04828572
Mysuru,4309,4,4,1,0,1.0,28414864.47738608
Bangalore,1909,9,2,28,3,0.0,24134504.17828768
Hyderabad,2672,7,5,9,5,0.5,29973569.33401287
Pune,6635,6,4,44,3,0.5,61050437.18526769
Pune,5035,9,1,44,3,0.5,42336248.893955775
Chennai,4718,5,4,20,2,0.5,47290477.489615865
Kolkata,2514,6,4,15,0,0.0,20106328.183368456
Mumbai,9372,6,4,33,4,0.0,167204869.97036624
Bangalore,871,7,3,13,2,0.0,11169224.425696436
Pune,4554,8,5,19,2,0.0,42965080.84335279
Mumbai,825,9,2,44,4,1.0,15883428.024122091
Hyderabad,8254,7,3,28,5,0.5,83101104.50938003
Mysuru,7254,4,3,0,1,0.0,46517999.08558065
Chennai,9543,6,5,47,2,0.0,83074360.22646217
Bangalore,6094,4,5,19,0,1.0,74727554.8133238
Pune,7630,9,4,46,4,0.0,72916732.90451628
Pune,5662,3,4,7,1,0.5,52266747.73366536
Bangalore,7744,9,4,18,2,1.0,90931213.6607839
Kolkata,7082,6,2,42,2,0.5,50986064.62908546
Delhi,1743,1,3,39,2,0.5,22517415.03680606
Kolkata,875,7,3,38,4,0.0,7261823.935635074
Hyderabad,8606,3,5,36,5,0.0,89335008.70315686
Mysuru,5315,9,5,24,4,0.5,37950795.57472463
Kolkata,9057,6,1,22,4,1.0,70226268.28085677
Delhi,8207,9,2,24,5,0.0,116754917.57011388
Pune,4118,1,3,15,5,0.5,33921449.81539124
Hyderabad,3664,8,1,37,1,1.0,36305622.557739414
Hyderabad,9197,6,1,41,5,0.0,100732529.55254066
Delhi,1692,9,5,49,5,1.0,24234282.472259052
Chennai,1711,2,4,16,3,1.0,17433508.77730853
Pune,9421,4,1,6,5,0.5,87357734.33169091
Chennai,1419,3,4,49,3,1.0,14225281.881792381
Bangalore,5902,9,2,27,3,0.0,71608163.72010088
Bangalore,5016,1,2,47,0,0.5,58619384.225512974
Pune,1801,2,4,11,5,0.5,16806747.875054367
Chennai,8948,7,2,44,5,0.5,82892639.9376224
Hyderabad,3145,3,5,17,5,0.0,33096882.93542708
Pune,8846,7,1,20,3,1.0,79471230.75614808
Chennai,1684,5,2,38,4,0.5,16118325.832968976
Delhi,921,5,2,32,3,1.0,13710172.165567381
Kolkata,5175,2,4,48,1,0.0,37405408.16930063
Kolkata,6382,7,4,31,3,1.0,51434990.19762962
Kolkata,8956,6,5,22,4,0.5,71646506.34843838
Bangalore,9581,7,5,46,2,1.0,113073530.87842226
Delhi,2895,3,4,46,5,0.0,38275046.020635724
Kolkata,6519,3,5,2,4,1.0,49940297.37687786
Mysuru,5952,3,1,13,4,0.0,43309937.078139134
Mumbai,2813,8,1,24,1,0.0,52813281.36463149
Mumbai,2189,9,4,22,2,0.5,42062693.71651943
Delhi,3761,2,3,27,2,1.0,53703524.086997345
Mysuru,4706,9,4,27,0,0.5,32223073.29042334
Mysuru,3153,5,1,19,5,0.5,22226913.945332963
Kolkata,3397,2,2,44,1,1.0,23952157.766233716
Bangalore,5766,3,5,25,5,0.5,65680203.464480855
Pune,5158,7,3,17,3,1.0,51007830.91566113
Mumbai,3462,4,5,48,4,0.5,59493281.36898758
Bangalore,626,3,5,22,3,0.5,8632950.45178627
Bangalore,5039,8,4,21,4,0.5,60798340.036398984
Mysuru,6540,9,1,5,2,1.0,39445248.10736706
Pune,6208,2,1,20,0,1.0,54951075.37987012
Kolkata,2382,2,3,46,2,0.5,16605660.397496134
Bangalore,3193,9,5,44,0,1.0,39596280.605026126
Chennai,7757,8,5,12,0,1.0,78694037.52154261
Hyderabad,8719,9,2,24,1,0.5,87530986.7417715
Mumbai,2681,9,5,37,5,0.0,47779242.67088903
Bangalore,6122,5,3,32,2,0.5,72861781.77492997
Mysuru,9956,4,5,23,4,1.0,66387157.51784671
Chennai,5103,2,1,15,1,0.0,48498969.215984635
Bangalore,5318,9,3,8,0,0.5,64273010.3572482
Hyderabad,1962,2,2,24,4,0.0,18748947.50516887
Pune,2568,6,1,47,2,1.0,24379672.53089042
Mumbai,7399,2,4,23,3,0.0,138327722.99073747
Mumbai,978,4,1,44,0,0.5,18795276.376398705
Delhi,1122,2,5,12,3,0.5,15796182.02208413
Chennai,5714,9,3,47,5,0.0,53609019.87438706
Chennai,8175,8,1,6,1,0.5,74280446.19816701
Mysuru,1071,7,5,22,4,0.5,9297346.86713616
Kolkata,6732,2,4,43,0,0.0,48642884.76429381
Delhi,3584,7,4,41,5,1.0,49852062.15575167
Pune,9907,5,3,21,2,1.0,82687682.24669398
Pune,1890,8,1,3,0,1.0,19070589.973895755
Bangalore,3417,4,3,48,0,1.0,41689155.89110873
Pune,4827,3,2,27,3,1.0,43457319.369287536
Chennai,1530,2,4,24,5,0.5,15884977.18585349
Kolkata,2681,9,1,45,2,0.5,19685451.69189381
Hyderabad,5494,6,5,13,2,0.5,53922322.12513051
Mysuru,5161,8,3,7,2,0.5,37796769.66811377
Mysuru,8681,4,3,2,5,0.0,60609551.20841111
Mysuru,2830,1,3,15,5,1.0,18686929.21943276
Bangalore,5917,5,1,49,3,0.0,68626566.79813476
Mumbai,6318,1,3,47,4,1.0,110060569.31120794
Hyderabad,7937,1,4,23,3,1.0,81583860.53113875
Delhi,9765,6,2,14,5,1.0,146413477.74769783
Mysuru,4162,3,5,40,1,0.0,28427935.08028101
Mysuru,9971,4,1,12,0,0.5,60947301.339925334
Mumbai,7765,2,5,30,4,0.0,130621131.62735529
Pune,2561,8,3,1,0,0.0,26295916.067211844
Chennai,4935,5,5,21,2,0.0,51851592.26167043
Mysuru,6949,1,3,16,1,1.0,46312944.42133355
Delhi,9553,6,1,38,0,0.0,144188575.11942586
Chennai,2051,3,1,36,0,0.0,19075581.258825004
Pune,7945,2,5,37,2,0.5,81816851.44681993
Mumbai,7604,1,1,23,3,0.0,127961273.37411328
Mysuru,1628,7,4,5,5,0.5,12339007.69487069
Kolkata,6501,8,1,12,1,0.5,48759308.324730136
Kolkata,4784,1,2,22,5,1.0,33159150.341096822
Pune,3309,2,2,3,2,1.0,32038778.86703969
Mysuru,5065,1,4,45,0,0.5,31954768.045187667
Bangalore,2320,5,2,13,0,1.0,29949230.30576354
Mysuru,3699,4,3,37,0,0.5,23800514.35761143
Mumbai,3940,8,3,21,0,1.0,70667947.87597522
Chennai,4105,4,5,40,1,0.5,36706270.50404615
Mumbai,7825,2,2,16,5,0.5,148192252.78965437
Mysuru,1801,3,3,43,1,1.0,11975392.695437102
Delhi,2416,1,4,20,4,0.5,35535839.40463802
Hyderabad,560,6,2,15,3,0.0,6512872.40544302
Hyderabad,1085,1,1,22,3,0.0,9883453.476217385
Pune,9696,4,3,1,1,0.5,84540088.40764824
Chennai,1604,5,4,5,5,0.0,16238843.730621101
Chennai,3629,6,3,17,5,0.0,36527128.12714199
Mumbai,5898,7,2,12,3,1.0,106485991.73134288
Chennai,9258,9,5,1,1,0.0,89990811.00929336
Mysuru,9497,7,5,25,2,1.0,68408870.93962553
Mumbai,3228,7,3,31,1,1.0,63621618.757334985
Kolkata,1116,1,5,13,3,0.5,9010646.162710238
Delhi,9361,4,5,16,0,0.5,129674075.86971916
Bangalore,4578,3,4,15,0,1.0,58645709.31920995
Mysuru,4065,2,2,1,3,0.5,29234511.03642785
Kolkata,4172,7,4,21,1,0.0,33068905.20215329
Mysuru,5022,5,1,44,5,0.0,33228492.590149682
Mumbai,5323,5,1,1,0,0.5,94795148.41738111
Mumbai,4712,2,2,10,4,0.0,89979438.98876897
Delhi,1424,8,2,44,0,0.5,19202128.209538076
Chennai,2052,9,1,28,3,0.5,21958403.050681997
Bangalore,6023,8,3,43,0,0.0,71308703.45675173
Chennai,5126,4,2,24,1,0.5,45089376.02013262
Pune,6981,5,3,1,0,0.5,58868444.10566877
Hyderabad,4772,8,3,42,0,1.0,49845534.68476243
Delhi,3926,8,4,35,4,0.5,60237549.91315054
Mysuru,1712,6,1,48,0,0.5,10953809.420205299
Pune,3011,8,5,38,3,0.5,26739532.732023876
Mumbai,3213,7,1,25,0,0.0,59552194.757197134
Hyderabad,6194,3,4,3,4,0.5,63610687.8422213
Pune,6180,1,5,13,5,0.5,58480517.660020106
Hyderabad,7567,4,2,41,0,1.0,78569655.24567302
Pune,6947,2,4,19,2,0.5,59516275.08179019
Bangalore,7989,4,3,33,3,0.0,92699920.09900475
Hyderabad,777,2,4,29,4,1.0,10314757.986543596
Mysuru,5690,3,4,26,4,1.0,37836997.02353212
Chennai,7166,3,2,4,4,0.0,66838434.383359335
Mumbai,3842,3,5,5,0,0.5,70427181.98584245
Bangalore,5017,8,2,23,4,1.0,61607304.85771279
Kolkata,8170,6,4,45,1,0.0,62692126.096331246
Mumbai,7423,7,4,41,4,0.5,138117766.47828665
Delhi,5704,6,1,3,1,0.0,77770524.40815817
Chennai,4018,9,4,8,1,0.5,41960377.68381724
Bangalore,1239,5,4,47,3,0.0,14520043.956638299
Mysuru,7624,6,5,43,1,0.5,43903714.45479397
Kolkata,7498,7,1,0,1,0.5,58833246.862417825
Pune,3103,7,2,5,0,1.0,30593441.930919807
Delhi,9611,3,2,7,4,0.5,126709089.75801772
Mysuru,9492,2,4,31,3,0.5,63783417.87401472
Bangalore,6205,9,4,41,1,0.5,80871006.90605184
Mumbai,8871,8,5,30,0,0.0,159184186.3876068
Delhi,7572,5,2,19,2,1.0,116617501.41610429
Pune,8433,8,5,29,3,0.0,84204952.87286372
Delhi,9034,4,1,10,1,0.5,132034336.73476708
Chennai,6220,4,2,18,1,0.0,67552101.1329499
Pune,9645,7,3,15,0,0.5,88306427.17089528
Mumbai,504,6,5,18,4,1.0,11125133.038922308
Delhi,3163,2,3,43,3,0.5,46781162.578669414
Delhi,5592,7,2,25,3,1.0,73503386.17814538
Mysuru,8945,9,5,12,4,1.0,62262064.218071535
Chennai,1154,8,4,31,2,1.0,13331360.209119186
Kolkata,4323,4,5,5,0,1.0,35268601.88707315
Kolkata,9936,5,5,44,0,1.0,75590407.36580075
Kolkata,3008,7,3,15,5,0.0,23451166.10035254
Hyderabad,8575,5,1,27,0,0.0,89803272.58167784
Pune,3303,6,4,34,4,0.5,30983627.296065934
Pune,7742,6,4,32,0,0.0,71336336.84727123
Mysuru,6950,9,5,28,2,0.5,44719817.077712364
Hyderabad,4485,8,4,24,3,0.5,44109091.13296432
Hyderabad,4696,3,1,17,2,1.0,53012157.19112824
Delhi,4700,4,5,40,4,0.5,68142257.8723869
Kolkata,3907,4,5,33,1,0.0,28636168.889702007
Mysuru,750,8,3,45,1,0.5,5000751.027441659
Kolkata,7757,1,4,48,2,0.0,52419773.61013691
Mumbai,5067,8,3,42,1,1.0,94735460.1843952
Mysuru,5284,9,5,14,2,0.5,37612475.54528382
Pune,7497,2,1,49,3,0.0,65560682.17064176
Hyderabad,1834,5,4,30,3,1.0,19199489.309905905
Hyderabad,7311,5,5,14,0,0.5,72988371.74053918
Chennai,4928,3,5,17,5,0.5,52736816.57019222
Bangalore,864,7,1,43,4,1.0,11230577.863899529
Delhi,6968,7,2,31,1,0.0,106669744.98651028
Hyderabad,3238,5,1,27,0,1.0,32611163.968676
Pune,8776,5,1,8,0,0.0,82426653.53444238
Bangalore,4055,2,1,12,5,0.0,48784294.75927172
Pune,6864,1,4,43,1,1.0,64901624.56694071
Kolkata,4675,8,4,19,5,0.5,34391587.89103581
Mumbai,8847,5,5,17,5,0.0,155217659.44046906
Mumbai,1910,5,3,40,2,0.0,31355959.89912738
Kolkata,4832,6,5,19,3,0.0,37386176.49943657
Mysuru,6602,6,3,12,0,1.0,47415332.980739385
Mumbai,1348,2,3,18,5,1.0,26472282.043094497
Mumbai,9732,2,4,18,0,0.0,176563544.86519948
Kolkata,6085,5,3,6,0,1.0,44977546.89649856
Pune,4492,5,4,3,4,0.0,41568998.10831119
Hyderabad,8998,8,5,17,1,0.0,87720834.35833451
Pune,843,3,1,0,3,0.0,8803760.902081816
Kolkata,1419,3,3,18,4,0.0,11522218.645464947
Delhi,1570,7,4,21,1,0.5,22665621.877369493
Mysuru,7694,2,3,38,0,0.0,48204727.232199624
Kolkata,2289,2,4,17,3,0.5,16682336.82876684
Bangalore,7154,9,3,8,5,1.0,94126271.7354343
Pune,9719,7,4,24,3,0.5,98805479.68294026
Bangalore,3265,6,4,37,3,1.0,37249271.30995336
Mumbai,5970,5,4,49,1,0.5,100664414.25375591
Hyderabad,5503,7,2,1,1,1.0,58616809.53412799
Hyderabad,817,9,3,38,1,0.5,9140917.378867362
Delhi,4057,3,2,43,5,0.5,56154849.125833675
Bangalore,7158,6,2,2,4,0.0,92980103.42124769
Mysuru,5252,7,5,1,3,0.5,35214517.803941354
Pune,8390,5,2,8,2,0.0,73574238.93582518
Bangalore,4057,4,3,34,2,0.0,51058481.7712974
Bangalore,3627,9,5,3,5,0.5,44614812.52136201
Chennai,6404,4,1,34,0,0.0,58230990.50601386
Bangalore,3081,7,3,34,3,0.5,36930231.167162836
Hyderabad,9419,5,4,38,4,0.0,95048489.4236147
Chennai,9835,1,1,39,5,0.0,88073235.62950736
Bangalore,4854,8,5,25,2,0.5,60559014.63339888
Delhi,5735,2,3,7,2,0.0,84858583.73670217
Kolkata,4576,2,1,31,3,0.0,33490306.397689775
Hyderabad,2074,1,5,10,5,0.0,20994752.790129542
Kolkata,5710,6,2,21,3,0.0,42416659.229505695
Mysuru,8740,4,1,21,1,1.0,57605594.02675767
Chennai,3333,6,5,36,5,1.0,33973439.43623492
Delhi,3235,2,1,15,5,0.5,41922642.601494074
Bangalore,8277,2,5,40,2,0.0,103058939.92739792
Chennai,3207,8,5,26,5,0.5,33103747.573384617
Chennai,1422,7,2,46,4,1.0,14721030.82940324
Delhi,4136,3,1,28,5,0.0,57322486.69784578
Delhi,2726,7,4,2,4,1.0,43046544.361716114
Kolkata,1625,2,3,35,2,1.0,12806759.57344887
Delhi,9138,3,3,30,3,1.0,133673115.83273235
Hyderabad,2486,3,2,17,5,0.0,26436704.46871108
Mysuru,1469,5,1,1,1,0.5,11361243.508197866
Hyderabad,1001,5,1,46,5,0.0,9644967.706727168
Bangalore,1469,5,2,20,4,0.5,17894799.234723803
Mysuru,4866,1,5,2,3,1.0,35333844.40202812
Kolkata,1024,8,3,20,1,0.5,9333542.570853895
Pune,8686,6,1,10,0,0.0,85855150.21108179
Kolkata,9177,5,3,20,3,0.5,75770732.90758999
Chennai,8675,9,2,9,4,0.5,90497579.55386758
Mysuru,8032,6,5,21,0,0.0,56474121.82280855
Mumbai,5692,9,3,23,4,0.5,105963968.61411977
Chennai,2340,8,5,4,1,1.0,24054045.796374694
Delhi,4385,2,1,8,4,1.0,66025974.49276569
Mumbai,7485,4,1,2,5,0.0,143489619.44421405
Delhi,4170,2,4,21,4,1.0,57643070.777267754
Mysuru,1735,1,1,16,2,0.0,11375403.559330622
Kolkata,5835,6,4,44,1,0.0,42085832.50727242
Mumbai,6077,3,4,35,2,0.0,111500506.67832358
Kolkata,4565,1,2,3,2,0.0,34296669.663533226
Bangalore,2941,2,2,38,0,0.5,31711681.41751916
Mumbai,2708,5,2,40,3,0.5,48132046.65447729
Chennai,9367,1,4,34,5,0.5,92803601.78815252
Mysuru,2349,3,1,4,2,0.5,15000009.530807663
Mysuru,1118,4,5,35,3,0.0,6898313.3101464575
Hyderabad,2931,7,5,25,4,0.0,29644953.79197297
Mysuru,5266,3,1,30,5,0.0,34829887.831536606
Pune,7726,1,3,38,1,1.0,66336398.68838412
Bangalore,2037,3,1,18,2,0.0,24232113.30788296
Chennai,6010,7,4,34,4,0.0,61588586.117711775
Delhi,1629,1,5,44,1,0.0,21137353.908226524
Delhi,9744,2,1,14,5,0.5,153004995.09541616
Chennai,4432,4,2,49,0,0.0,39658439.23937207
Pune,4657,6,5,41,1,0.5,43802882.13177191
Kolkata,7213,9,1,37,4,1.0,56215287.29037828
Chennai,5115,2,4,4,5,0.0,50086481.84040775
Kolkata,5152,9,2,31,0,0.5,36747002.638291635
Chennai,5069,9,5,29,0,0.5,50035079.114446476
Delhi,5175,9,3,12,3,1.0,73264692.3911205
Chennai,8425,9,4,30,3,1.0,85657004.27267554
Delhi,5573,5,2,41,3,0.5,75067936.28888382
Mumbai,7829,5,3,12,2,0.5,146370765.33404124
Mumbai,6769,8,5,5,2,0.5,118551134.59719302
Delhi,7629,2,5,35,3,0.5,111480465.52413392
Hyderabad,8366,2,3,29,1,0.0,87067165.52330002
Bangalore,7362,8,3,22,2,0.5,95586737.34678587
Bangalore,1201,3,2,41,4,1.0,14200680.117083643
Chennai,8276,7,2,31,3,0.0,80801467.04465866
Delhi,7375,5,5,48,1,0.0,105781610.81234059
Mumbai,6238,7,1,42,1,0.5,110114195.89947952
Chennai,9489,7,1,25,0,0.0,94126545.29455075
Pune,1177,8,2,26,0,0.5,11768196.192379264
Mumbai,2282,6,2,38,3,1.0,43615553.58565126
Mysuru,5050,8,2,24,4,0.0,34380644.48754285
Mumbai,2024,7,3,8,3,0.5,38056300.81840329
Bangalore,9395,1,3,2,1,1.0,113927409.28284921
Mumbai,6079,5,3,10,0,0.5,113467753.54718935
Hyderabad,6194,2,4,12,0,0.5,62776604.96035461
Chennai,1696,8,3,21,3,1.0,17457276.97267146
Bangalore,1513,9,3,15,1,0.0,20413251.43402543
Mysuru,6291,3,2,23,1,0.5,40677534.24023309
Chennai,9910,9,1,2,5,0.5,102154859.72834454
Delhi,1916,6,5,0,4,1.0,29988352.06467354
Mysuru,1055,4,4,44,0,1.0,7265077.111740181
Bangalore,3053,4,3,11,3,0.5,39215833.308057204
Pune,892,5,3,4,2,1.0,10187175.913537912
Mumbai,5557,8,1,38,5,0.5,101065779.6522095
Bangalore,7669,7,5,20,1,0.0,92002418.77098314
Hyderabad,1440,5,5,19,4,0.5,15445632.380125988
Mumbai,3475,6,1,2,0,0.0,64958880.39372988
Bangalore,5368,3,4,47,0,0.0,63335917.628600046
Chennai,2517,6,5,46,5,1.0,25758738.12856746
Hyderabad,3368,4,5,23,5,0.0,34819717.52263474
Hyderabad,6659,2,4,11,4,0.0,63777582.11916029
Delhi,9242,9,4,8,1,1.0,134148686.84070112
Bangalore,7635,2,4,48,4,0.5,87420645.76215093
Mysuru,3901,8,2,48,1,1.0,25246558.251433387
Kolkata,9219,3,2,17,4,1.0,70244416.69956519
Chennai,9124,1,1,20,0,1.0,89837210.37075478
Pune,5200,4,3,38,4,0.5,47095594.361684605
Kolkata,7444,7,2,8,0,0.0,58267651.89123024
Pune,9686,8,5,33,3,0.0,89124105.81311178
Hyderabad,9533,8,5,10,2,0.5,96897603.31129825
Mumbai,1530,3,2,15,5,1.0,27356679.29451605
Mumbai,8606,4,1,31,0,0.5,167057608.48446673
Delhi,2172,5,5,37,2,0.5,30608692.04409632
Kolkata,8234,1,5,5,4,0.5,59977491.98191381
Mumbai,3753,7,2,30,2,1.0,77156109.3755064
Chennai,3165,1,4,47,4,1.0,29823786.09073352
Mysuru,8295,2,2,36,1,0.0,53555791.54225315
Hyderabad,6870,8,4,41,5,1.0,69584528.05124682
Bangalore,4370,1,4,29,2,1.0,52549470.56608786
Kolkata,1438,5,5,14,4,0.5,12350200.334398247
Hyderabad,8905,2,3,25,2,1.0,85410574.73986314
Hyderabad,8814,8,5,10,4,0.5,91104628.06544898
Pune,2237,3,1,34,2,1.0,19080098.336129714
Hyderabad,9626,8,4,10,0,0.0,97555197.59960552
Hyderabad,6623,2,5,4,3,0.5,75117078.79591197
Mysuru,9212,9,3,34,4,0.0,59203161.63685196
Bangalore,7762,2,3,11,3,0.0,94451349.86870342
Delhi,1269,7,5,16,5,0.5,19430667.759567022
Pune,7950,2,5,23,5,0.5,76060788.90215144
Mysuru,1570,6,1,17,3,0.0,11071606.084171847
Kolkata,8137,3,4,28,1,1.0,63465103.07014903
Delhi,7873,2,4,23,1,0.5,109265611.47406612
Bangalore,6904,1,1,33,5,1.0,79033738.23069699
Kolkata,5282,9,5,33,3,1.0,40117474.791219965
Pune,5081,4,2,17,3,0.0,45643792.26445877
Kolkata,1720,3,4,30,1,0.5,13477835.927904086
Bangalore,9563,3,5,6,5,0.5,122655956.95577328
Delhi,4998,9,3,17,0,0.0,73701667.2821799
Hyderabad,3610,7,3,39,1,1.0,38736321.04720006
Hyderabad,7814,5,3,46,5,0.0,77508409.44134459
Pune,2294,5,1,17,2,0.5,22756593.53465625
Hyderabad,4345,8,4,28,2,0.5,47642038.693514995
Chennai,724,2,4,7,4,0.5,8952522.722671278
Hyderabad,2388,6,4,39,4,1.0,24213037.356691413
Hyderabad,9201,8,5,16,5,0.0,94129694.84604062
Delhi,8277,9,3,49,4,0.5,112756061.85203119
Mysuru,1825,6,3,47,2,1.0,12216800.986772971
Mumbai,1825,6,5,26,3,0.5,36664075.41109648
Mumbai,3732,4,5,8,0,0.0,68721691.53734341
Chennai,5824,5,2,20,4,0.5,59760485.1098538
Chennai,564,4,1,46,5,0.5,5263020.746199699
Mumbai,868,9,3,10,3,0.5,18458105.955710094
Kolkata,1323,8,1,3,4,0.5,13529626.875259161
Hyderabad,3392,4,3,22,3,1.0,38196632.11681317
Bangalore,9087,7,3,38,1,0.5,113613621.95366809
Mysuru,8781,8,1,40,1,0.0,54038515.11999441
Mumbai,3211,1,2,12,4,0.5,56668827.36790057
Hyderabad,4494,8,1,19,1,0.0,47005448.89468978
Mysuru,7502,9,5,20,4,1.0,51225061.65626314
Chennai,6509,6,5,12,3,1.0,71530846.84269255
Bangalore,9824,7,5,49,5,0.5,114516190.04519626
Mysuru,1575,1,1,41,3,0.5,8368974.18486926
Kolkata,2031,1,3,28,1,0.0,14566433.829782886
Mysuru,2923,8,5,28,0,0.5,19820962.67798272
Kolkata,5508,9,2,47,3,0.0,40101941.93210597
Kolkata,9093,6,2,43,2,1.0,71956009.35785875
Mumbai,1841,5,2,15,0,0.5,31177855.25522321
Delhi,3303,6,3,9,0,0.0,48235321.60107218
Chennai,3338,9,2,28,5,0.5,35880193.00979936
Pune,3335,3,5,49,1,1.0,28353834.225372124
Bangalore,2463,2,2,6,1,0.0,33005690.19453736
Pune,6961,7,1,2,2,0.5,67082044.00917352
Bangalore,5107,2,5,43,2,1.0,62564350.04312665
Pune,2862,1,4,22,1,1.0,26887750.95674684
Pune,1186,2,4,36,0,0.5,10414519.669266922
Hyderabad,5147,3,3,17,4,1.0,54127412.71903581
Mysuru,5819,2,4,47,2,1.0,37523212.2231171
Mysuru,5284,1,4,44,1,1.0,31695806.822947025
Hyderabad,792,4,1,6,1,0.0,8480926.616106505
Chennai,2874,1,2,23,2,0.0,27053857.6976626
Kolkata,5190,5,1,11,1,1.0,40823711.44862547
Bangalore,8369,2,1,10,1,1.0,99022783.95458609
Chennai,8256,5,1,20,3,1.0,88921578.28259154
Kolkata,8571,5,2,40,5,1.0,64678058.545391284
Pune,4240,7,2,18,3,0.5,39339768.15112188
Pune,4196,9,5,27,5,1.0,38141587.10712429
Delhi,591,1,1,12,4,0.0,8744644.519438589
Hyderabad,3013,9,3,16,5,0.0,33088544.8008615
Mumbai,1097,9,2,21,4,0.5,21308323.834607277
Hyderabad,6280,6,5,24,1,1.0,58355549.852750674
Mysuru,8919,1,5,45,5,0.0,62987418.37344458
Hyderabad,1019,8,3,24,2,0.0,9619105.207101569
Mumbai,7758,1,5,25,4,1.0,141336539.33588582
Mumbai,8502,3,1,29,2,1.0,150996707.27821022
Chennai,3486,1,1,20,0,1.0,32613322.402478408
Hyderabad,5043,9,1,33,1,0.5,51605051.58751375
Mysuru,3434,7,3,44,4,0.5,21637666.754612517
Mumbai,9125,6,1,23,0,0.0,153402483.47549963
Mysuru,8944,6,3,41,0,0.5,57225031.01944472
Hyderabad,3263,6,3,11,1,0.5,33068247.22360364
Hyderabad,6420,2,1,23,0,1.0,69984451.03830335
Kolkata,7920,9,2,1,5,1.0,62865800.4545554
Bangalore,1579,4,4,9,5,1.0,22956125.83217096
Mumbai,6714,2,2,40,1,0.5,113014079.78602919
Pune,9780,2,1,18,1,0.0,88085238.7154707
Hyderabad,8240,7,5,23,3,1.0,84017326.3754446
Mumbai,1809,1,4,4,2,1.0,35498298.87470012
Kolkata,1731,8,5,23,5,0.5,15449534.4693683
Bangalore,2334,5,1,38,1,0.0,28074516.09196774
Bangalore,886,4,2,41,5,1.0,10628136.312431345
Delhi,1939,3,1,41,1,0.0,24658886.673728287
Pune,9434,7,4,26,0,0.5,91800811.75328058
Mumbai,6184,3,4,39,4,0.0,110023690.42778508
Mumbai,2547,6,2,11,1,1.0,45472932.92788819
Mysuru,7096,1,3,36,2,0.5,47524933.138809465
Chennai,3696,1,2,21,5,0.0,37042397.389361575
Kolkata,7343,2,3,9,3,0.0,56209982.69067439
Hyderabad,8256,9,5,17,4,1.0,80851964.4234761
Delhi,1990,9,4,34,0,1.0,29290129.204639614
Chennai,1332,5,1,46,2,0.0,11364179.969183173
Mysuru,7196,7,4,24,2,0.0,48582677.72558637
Pune,9877,9,4,48,0,1.0,86970142.62136231
Delhi,4764,4,4,14,1,0.0,68009136.08233635
Hyderabad,5041,6,4,15,2,0.5,51300691.905031495
Delhi,6141,7,2,0,4,0.0,95449579.54161167
Kolkata,6831,4,2,22,0,0.5,52787731.54168377
Delhi,9981,6,4,0,4,0.0,144453510.3027988
Chennai,9474,1,4,30,4,1.0,99128984.71309118
Mysuru,6960,1,1,9,4,0.0,48180440.14084437
Bangalore,3256,6,1,10,3,0.0,38854111.316240676
Hyderabad,5673,9,3,8,5,1.0,60119846.987824254
Hyderabad,1301,6,2,1,5,0.5,14635454.270344568
Mumbai,1083,2,5,14,4,0.5,20896095.44604873
Pune,3685,3,3,10,4,1.0,34491504.09022326
Hyderabad,8112,6,4,25,0,1.0,77297947.6916237
Chennai,5798,1,5,10,5,0.0,56702328.473722465
Delhi,5163,6,1,18,1,0.5,76019816.82842323
Mumbai,8663,7,5,24,1,0.5,161691696.08484262
Bangalore,9372,5,2,7,2,0.0,114131475.44905797
Mysuru,3667,6,2,27,4,0.0,25798164.65490899
Kolkata,2817,6,4,44,0,1.0,21854130.42215772
Delhi,8348,3,5,17,3,1.0,118044297.06138663
Kolkata,3675,2,1,18,3,1.0,30837584.79807469
Bangalore,8630,6,1,35,0,0.5,103364355.63220121
Chennai,8344,4,3,46,5,1.0,84437255.54983848
Hyderabad,7291,4,3,43,5,1.0,74608764.21042566
Bangalore,9127,4,4,3,2,0.0,112388735.40412332
Chennai,3644,4,4,8,4,0.5,35370140.10436434
Hyderabad,3373,3,3,48,4,0.0,32325155.17868808
Delhi,744,2,2,21,4,0.5,11487998.121067073
Mysuru,7751,1,1,23,5,0.5,56522548.2079187
Chennai,3874,2,1,31,2,1.0,38852146.950604714
Pune,8131,5,1,42,0,1.0,72928172.02448016
Pune,1812,2,4,22,5,0.5,18418780.70179448
Kolkata,5890,4,2,45,5,0.5,41364590.108511545
Mysuru,2796,6,4,10,4,1.0,19290947.467877425
Mysuru,9353,4,1,7,0,0.5,58015754.597065955
Mumbai,6485,9,5,24,5,0.0,117233488.47986689
Pune,9029,3,2,48,0,1.0,80188575.90895909
Mumbai,5390,1,5,6,2,0.0,90122978.6962323
Kolkata,3416,7,4,29,3,0.0,24933976.138194796
Bangalore,6765,9,2,1,2,0.0,86559673.90688026
Delhi,5810,3,1,12,4,1.0,79368404.68316148
Bangalore,2145,4,1,23,3,1.0,25186077.277041912
Hyderabad,7007,2,4,47,4,1.0,73459331.66869982
Hyderabad,8959,5,1,10,0,0.5,95414467.53218727
Pune,9972,1,1,7,4,0.0,93214884.82959181
Mumbai,8838,7,1,29,1,0.0,176595862.29342595
Delhi,2221,9,2,46,3,0.5,28929252.764198724
Chennai,7266,7,3,7,1,0.5,69903388.14757493
Mumbai,3899,7,4,13,4,0.5,71075587.1196429
Chennai,1844,4,1,48,1,0.0,15363408.641795423
Delhi,1903,3,5,23,2,1.0,24786069.537663646
Pune,9730,9,3,8,3,0.0,88195455.14228618
Kolkata,2289,2,1,5,3,0.0,16981738.6922223
Pune,7583,7,2,19,1,0.0,70776639.58068456
Kolkata,7311,5,3,49,2,1.0,54137399.347358175
Chennai,6439,5,4,3,0,1.0,65718486.09304979
Kolkata,608,8,4,21,2,0.5,6976167.032005006
Delhi,1745,1,1,49,2,0.5,22661076.60405853
Pune,8721,7,2,42,0,0.0,71141425.84578109
Mumbai,6458,9,5,2,2,0.0,134014122.47286439
Delhi,4460,3,5,20,0,1.0,60580642.65838935
Mumbai,5007,5,2,14,5,1.0,79162047.42306478
Hyderabad,7512,4,2,37,1,0.5,80064921.81887385
Hyderabad,6256,7,3,8,2,0.0,63789662.70264257
Hyderabad,2379,3,3,20,2,0.5,25924350.214070864
Bangalore,7181,8,2,43,3,0.5,84969784.81336226
Hyderabad,2877,9,3,46,1,0.0,27671538.372952737
Mumbai,7076,6,2,7,2,1.0,138046161.56623948
Chennai,7907,7,3,3,0,0.0,63224366.77810894
Bangalore,8962,8,2,18,1,1.0,104123822.82182653
Mumbai,5393,5,3,30,3,0.5,98057923.20413084
Kolkata,8227,8,1,35,2,1.0,62986073.15296004
Kolkata,9728,6,4,23,4,0.0,73021993.1799545
Delhi,8439,1,2,42,0,0.0,111998611.77941671
Bangalore,2607,9,3,13,1,0.0,34565832.94496465
Kolkata,2059,7,4,49,2,0.0,15290209.569138369
Kolkata,4802,1,4,28,0,0.0,34802911.267042466
Bangalore,4990,1,4,46,1,0.0,53732188.38588922
Pune,5225,6,5,21,5,0.0,47529354.27582688
Kolkata,7502,2,4,13,1,0.0,57308809.91228561
Chennai,6703,1,1,46,0,0.5,60483127.548054196
Mumbai,9152,1,5,40,5,0.0,149663335.34151214
Kolkata,4651,1,4,4,5,0.0,36642322.63109916
Mumbai,756,3,1,18,3,1.0,15784398.502969233
Mysuru,3716,4,5,16,0,0.5,23681646.467958875
Bangalore,6700,2,4,16,1,0.0,80818752.43741892
Mysuru,6782,7,4,37,4,0.5,46298885.6889214
Mysuru,9780,8,1,21,3,0.0,59755272.697684884
Kolkata,8273,3,3,21,1,0.0,67275197.8111455
Delhi,4114,9,3,44,2,0.0,57931136.75238424
Pune,2345,7,1,44,2,0.5,19929898.774366636
Bangalore,2009,6,5,42,2,1.0,24799703.616014086
Hyderabad,1859,5,2,35,2,0.5,18739965.167182554
Mumbai,3232,6,2,27,0,1.0,59125130.477492675
Pune,7104,2,2,43,2,0.5,66951057.34471063
Delhi,7872,9,1,38,2,0.5,119602646.9651083
Mumbai,3526,6,2,22,1,0.5,58970053.07824656
Delhi,7870,1,3,32,5,1.0,110126391.83537228
Pune,3166,3,1,25,5,1.0,29544693.268221322
Mumbai,1340,2,1,30,3,1.0,25046384.86381951
Bangalore,9687,4,3,23,0,0.0,97169036.97869523
Kolkata,9805,4,5,11,0,0.0,78584507.53568581
Bangalore,4519,3,5,48,3,0.5,50934167.434367314
Mysuru,3522,5,4,27,4,1.0,26136696.514798906
Hyderabad,2486,8,2,0,2,0.0,30461542.42684737
Delhi,5108,3,3,36,2,0.0,71341860.60415764
Mumbai,6401,2,3,32,5,1.0,116896515.3991036
Kolkata,9544,9,4,20,4,1.0,74828526.30317661
Delhi,7894,6,3,40,4,1.0,111043548.90939912
Kolkata,6447,3,1,18,5,0.0,49545330.3350844
Bangalore,7809,1,5,37,0,1.0,98863646.40025318
Bangalore,1946,1,1,28,4,0.5,25168925.91804816
Hyderabad,9163,9,5,2,2,0.5,98116613.50034153
Hyderabad,4501,1,4,18,4,0.0,43531862.8638768
Chennai,7787,3,5,6,5,0.0,82220759.83634788
Chennai,7306,2,5,6,0,0.0,70859334.80655544
Chennai,5524,9,5,37,1,0.5,46870751.314661875
Delhi,3319,7,2,32,0,0.0,47881454.94403383
Delhi,5706,2,4,41,3,0.0,79104212.47874765
Delhi,3388,3,4,25,0,0.5,51888387.21836999
Pune,1392,3,2,32,1,0.0,12191457.753575575
Chennai,1397,7,5,18,0,1.0,15408612.866911858
Mysuru,4680,7,4,7,1,0.0,30294834.935033944
Mumbai,7116,1,2,18,5,0.5,118551216.08954875
Hyderabad,2897,4,3,22,2,0.5,29451547.36964155
Delhi,5035,4,1,30,4,0.0,72011548.75608589
Hyderabad,3401,8,3,36,0,1.0,38716791.589840874
Kolkata,9072,8,1,37,3,0.5,73805492.99080963
Mysuru,2739,4,3,27,4,1.0,19936473.45126999
Mysuru,3630,4,1,47,2,0.0,23454014.59585858
Bangalore,4868,9,5,7,1,0.0,64306733.74618833
Bangalore,5652,1,4,5,0,1.0,67725854.59290642
Delhi,7692,5,3,17,1,0.0,114747724.74579269
Kolkata,6164,2,5,38,5,0.0,44452458.918339804
Kolkata,3731,6,3,15,3,0.0,27683807.288386766
Mysuru,1156,5,3,24,4,0.0,8267172.233336402
Mumbai,3785,2,4,8,0,0.5,67675777.57364352
Delhi,6682,4,5,16,1,0.5,94372305.52700907
Chennai,5552,7,3,9,0,0.0,53354879.83878293
Mysuru,5148,2,5,21,0,1.0,34483760.605215095
Hyderabad,8555,2,5,21,2,0.0,81366927.75817773
Mysuru,9774,1,1,11,3,0.0,62743717.763197236
Bangalore,753,7,5,4,0,0.5,12665118.407522576
Mumbai,6534,5,2,9,4,1.0,115969147.73521167
Kolkata,5217,8,3,17,3,0.5,42214834.04183664
Delhi,9106,1,5,4,4,0.0,143562001.40147072
Mysuru,6838,7,2,10,2,0.0,47230382.8888176
Hyderabad,2331,1,5,9,3,0.0,22889375.70476204
Bangalore,5222,4,1,19,4,0.0,63768984.12367744
Chennai,3032,7,4,38,3,1.0,32542755.0633453
Bangalore,3580,5,5,13,3,0.5,45578245.78433923
Pune,8509,5,3,5,1,0.5,79416627.63131534
Delhi,4614,1,5,1,5,1.0,66860889.46756499
Bangalore,3268,7,3,42,3,0.5,41170199.04712936
Bangalore,5135,8,4,36,1,1.0,63839540.112665795
Mysuru,8870,2,1,1,0,0.0,61181834.49886052
Mumbai,4159,9,4,40,3,0.5,71250095.74440801
Mumbai,1840,6,1,17,5,0.5,35420176.325970225
Mysuru,1792,7,3,6,0,0.5,12853808.660193857
Mysuru,6537,7,3,12,5,0.5,42494863.06438874
Mysuru,9453,3,2,18,4,1.0,65467471.44723285
Pune,7318,2,4,24,3,1.0,66906527.30707322
Bangalore,8993,6,5,20,0,1.0,113619706.53911135
Bangalore,9135,1,4,41,2,1.0,105334956.73594159
Mysuru,4594,8,5,40,1,0.0,28991368.52568533
Kolkata,8511,5,5,30,3,0.5,68842411.00664471
Delhi,4580,3,4,17,0,0.0,64543762.95512452
Mysuru,2392,2,1,38,4,1.0,14085457.722190153
Mumbai,5333,7,2,34,5,1.0,101832532.3652408
Bangalore,4912,9,4,24,3,0.5,67277343.86912465
Bangalore,7384,6,1,13,0,0.5,91435372.43289593
Bangalore,5869,3,3,1,4,1.0,68174843.13824631
Hyderabad,8134,5,2,41,4,0.0,84008004.59764417
Bangalore,1389,8,4,5,3,0.5,19698452.13918552
Mumbai,8826,2,3,6,0,1.0,160083481.4989246
Mumbai,5729,2,4,21,3,0.0,114534828.34265244
Hyderabad,5078,6,3,15,2,0.5,47504772.22399518
Kolkata,5475,1,1,26,2,0.0,42729838.20167007
Chennai,2495,5,4,34,1,0.0,23664247.845876634
Bangalore,2602,7,5,43,0,1.0,30425419.63914648
Kolkata,7247,8,3,2,0,1.0,54369894.75254483
Mumbai,5156,9,5,25,4,1.0,91697102.42724197
Kolkata,7039,6,4,16,3,1.0,55897808.5788098
Mumbai,2190,5,1,19,5,0.0,39994349.96823397
Bangalore,944,6,2,40,0,0.0,10542188.23059963
Mumbai,996,8,4,44,5,0.5,19521668.392896563
Delhi,3223,3,2,14,5,1.0,49424597.44179642
Pune,4850,2,4,6,5,1.0,44074546.681303516
Hyderabad,6224,5,5,29,4,0.5,62214642.13082808
Bangalore,2189,5,3,29,2,0.0,24867746.425545506
Mumbai,2364,5,1,41,4,1.0,43174142.14746473
Pune,4792,3,3,26,3,0.5,45683364.54522008
Chennai,1787,9,5,11,2,0.5,19204964.24999918
Delhi,8604,2,2,2,2,1.0,128117052.31817558
Chennai,8964,8,1,22,3,0.0,90963140.57241103
Delhi,7755,2,1,13,3,0.0,102028500.59388264
Pune,3050,8,2,5,5,0.5,31014799.709796187
Hyderabad,5853,7,3,31,3,0.5,55378041.95233783
Pune,6805,5,4,7,5,1.0,62481989.275668494
Mysuru,7109,3,2,28,0,1.0,47674962.67615198
Mysuru,3470,7,1,0,1,0.5,25352270.65962112
Delhi,2306,3,4,32,5,0.0,32151386.489190586
Mysuru,3583,1,3,5,3,0.0,23791489.98929297
Mumbai,4681,7,4,3,5,1.0,87549596.79684149
Mumbai,644,4,2,22,1,1.0,12474518.421077022
Delhi,5524,2,5,22,0,0.5,84432021.16022083
Delhi,9474,9,3,16,3,0.0,137089840.2537959
Delhi,5564,4,3,32,5,0.5,75627116.98609638
Chennai,8433,6,2,10,4,1.0,79329295.66485274
Hyderabad,573,1,4,42,1,0.5,4880922.487527146
Bangalore,5431,7,2,35,1,0.5,70221751.70552011
Chennai,3365,6,3,41,0,0.5,29517906.342232976
Kolkata,6204,3,1,47,1,1.0,44500305.499099
Chennai,5192,7,1,3,0,1.0,53631648.1805035
Delhi,7129,5,5,21,4,1.0,98309334.65965898
Hyderabad,764,6,3,9,1,0.0,9371820.236731641
Pune,6961,1,5,5,2,1.0,68929697.4801345
Kolkata,9804,3,2,3,2,1.0,77640181.86673002
Hyderabad,5177,5,3,33,0,1.0,50307992.30850279
Mumbai,6212,7,3,34,4,1.0,122055526.29390551
Delhi,7558,7,4,5,0,0.0,114084223.62545477
Bangalore,840,8,1,46,0,1.0,10126677.200936189
Kolkata,9220,6,1,49,4,0.5,67359781.84340708
Pune,3300,6,5,28,2,0.5,30607933.71718089
Delhi,2500,1,1,33,1,1.0,33203782.58727518
Mysuru,9967,1,4,25,2,0.5,63413754.285577446
Kolkata,8141,3,1,41,2,1.0,58915665.61583205
Kolkata,5358,6,4,14,4,1.0,43543540.64376687
Pune,3411,5,3,4,5,0.5,35125274.513478845
Delhi,1750,1,2,49,1,0.0,24808693.05894354
Bangalore,6936,5,3,34,3,1.0,82245249.90902099
Hyderabad,3983,2,2,35,0,0.5,38532719.441294596
Chennai,7211,3,2,38,3,0.0,65035373.17035777
Mysuru,7994,4,2,13,2,1.0,50898510.38444066
Mysuru,1284,9,5,32,1,0.0,9606854.887031792
Mysuru,4218,3,2,10,4,0.0,28924077.47850384
Delhi,9367,8,5,36,4,0.5,132661554.65358663
Bangalore,8560,8,2,49,0,0.0,98667229.68349081
Mysuru,6985,5,4,0,3,0.5,49763115.65237324
Pune,6886,3,3,2,1,1.0,59049677.71416253
Kolkata,6954,9,3,43,2,1.0,57641887.26840322
Mumbai,4977,8,1,45,4,0.5,92886530.4131193
Mysuru,8584,4,5,13,4,0.0,54012317.30993193
Delhi,5296,4,3,16,1,0.0,76869003.18004975
Hyderabad,3011,7,2,32,5,1.0,32528538.024761938
Delhi,1921,4,1,9,0,0.5,28975794.163499434
Chennai,1977,9,1,23,0,0.5,19779684.819942027
Chennai,2760,4,2,27,5,0.0,27154553.97154212
Pune,6196,4,1,14,1,1.0,60731735.66488754
Delhi,2774,7,3,17,4,0.0,38850775.01427128
Mumbai,5329,6,4,27,4,0.0,97441931.62999533
Hyderabad,4774,7,5,5,2,1.0,53173635.993384525
Bangalore,8343,6,3,28,4,0.0,104227650.01694766
Pune,5789,7,5,25,5,1.0,55229533.25952131
Chennai,7208,2,4,37,2,0.0,68685405.47516172
Hyderabad,1254,3,3,25,3,1.0,13894749.972086826
Mysuru,3484,3,5,19,5,0.5,25795868.880011395
Kolkata,6073,4,3,4,4,0.0,40641582.073756166
Chennai,9943,4,3,44,0,0.0,93066607.16035603
Delhi,7711,1,1,15,1,1.0,110136022.22209388
Bangalore,1980,8,1,34,0,0.0,24755245.70156102
Kolkata,2258,8,1,13,2,0.0,17864746.413233116
Bangalore,9890,3,1,43,1,0.0,108055989.36281392
Mysuru,6875,6,1,38,4,0.5,42790047.76837066
Mysuru,5634,4,5,26,3,0.0,37123408.715004474
Kolkata,8152,9,2,11,3,0.0,62689308.90682093
Chennai,8948,4,2,3,4,0.0,81556742.06720869
Kolkata,758,3,2,28,2,1.0,6279355.5370224975
Hyderabad,3696,1,5,49,2,1.0,37113707.32804185
Delhi,568,9,5,17,2,1.0,10763389.103616182
Pune,4714,5,5,5,1,0.5,47166011.545159705
Mysuru,9660,4,5,30,4,0.0,67775287.17449127
Mumbai,5026,4,5,19,1,0.0,92466025.33848877
Mysuru,9607,5,3,39,3,0.5,64333070.08391209
Kolkata,5840,1,5,14,5,0.5,46239912.98871341
Hyderabad,8131,4,3,22,4,0.0,85182310.90461309
Bangalore,7710,7,5,41,3,0.0,94462093.10805084
Chennai,7375,9,4,1,5,1.0,78301884.40010427
Mumbai,2759,2,3,2,0,1.0,48131372.26815367
Mumbai,5930,7,2,40,0,0.0,96284545.87812208
Hyderabad,9974,6,4,23,4,1.0,103725007.00002646
Chennai,830,5,1,8,0,0.5,9889297.257535696
Pune,6111,9,3,40,0,0.5,55696000.15640366
Hyderabad,7242,5,5,0,1,0.5,73960047.63669191
Pune,6670,5,5,0,3,1.0,65689036.497073606
Hyderabad,3111,2,5,24,3,0.5,33415455.183876522
Kolkata,3849,1,5,45,2,1.0,27139044.979722615
Mysuru,1917,8,5,31,4,0.0,13523389.113634245
Mysuru,792,7,1,11,4,1.0,8673328.864543146
Hyderabad,2406,2,2,24,4,1.0,25611386.06789417
Delhi,1558,3,3,7,5,0.5,23369607.51839794
Bangalore,6160,7,2,45,2,0.5,74043065.94441858
Delhi,6198,7,2,18,3,0.0,82922727.67911352
Hyderabad,6104,7,4,12,4,1.0,65072016.53547985
Pune,5925,3,4,21,5,1.0,51740697.21045473
Chennai,5146,2,1,43,1,0.0,53171108.68813883
Bangalore,3002,8,4,11,2,0.0,38701786.982776694
Hyderabad,2780,6,1,32,5,0.0,26530370.06241874
Chennai,4309,2,2,47,4,1.0,42029946.59277928
Delhi,3546,1,4,27,4,0.0,50819134.7535084
Delhi,1298,1,4,43,3,1.0,18981405.65899509
Mumbai,5540,4,2,10,4,1.0,97339107.51269859
Mysuru,2311,8,1,6,5,0.5,18210012.77764714
Mumbai,5115,5,4,34,5,0.5,96560291.35132009
Hyderabad,7475,9,4,35,2,0.0,72272959.97569904
Bangalore,3308,3,2,43,4,0.5,40494843.997741744
Pune,9323,9,5,29,3,1.0,88411202.06130551
Mumbai,4455,6,5,0,4,0.0,83646168.01070385
Kolkata,7880,7,3,21,3,1.0,56051284.12486638
Pune,3368,5,1,45,5,1.0,32353237.488733076
Bangalore,1314,8,5,41,2,1.0,16157667.853393659
Chennai,4310,5,1,31,5,0.5,40514107.49438942
Mysuru,8135,2,1,28,4,1.0,58006675.810290985
Hyderabad,7899,6,4,38,1,0.5,82983442.31096931
Pune,2680,9,2,15,4,1.0,27515697.64516216
Mysuru,1082,1,1,43,3,0.0,5317048.810141456
Mysuru,1946,8,2,15,2,0.0,14761254.12563169
Chennai,6841,8,1,11,2,0.5,69200282.36639652
Kolkata,5555,7,5,39,5,0.0,42400561.66247797
Mumbai,8295,2,4,29,4,0.0,149647552.6743237
Pune,5256,5,1,21,4,1.0,45486978.04693351
Mumbai,7932,8,4,13,5,1.0,159262462.7499171
Pune,5340,7,3,25,5,0.5,46272335.35407779
Hyderabad,1057,5,3,27,4,0.0,11431896.688965026
Chennai,1637,5,3,10,2,1.0,17493715.056575287
Delhi,6946,1,5,41,0,0.0,96601027.4114324
Hyderabad,2477,8,4,24,3,0.5,27696837.91333405
Delhi,8142,8,4,38,3,0.0,110795723.22487935
Mumbai,6218,5,4,1,4,0.5,114398014.97913267
Bangalore,6215,2,3,47,2,0.5,78747502.86336938
Mumbai,8973,2,2,39,5,0.5,172904602.5175012
Delhi,5361,1,1,31,3,0.0,72201950.79056403
Mumbai,4398,5,1,15,0,0.5,81335464.20401236
Bangalore,8676,7,1,22,5,1.0,98828009.50418186
Delhi,6521,6,2,39,4,0.0,88817467.32763003
Delhi,2783,4,4,34,5,0.5,38461980.96222041
Bangalore,6727,1,5,22,1,1.0,84951275.32395291
Pune,2840,4,2,41,5,0.0,24314103.11663139
Pune,9455,9,3,24,0,0.0,81241551.63215773
Mumbai,6378,6,3,22,0,0.0,106502710.22011091
Chennai,6108,4,4,21,4,1.0,64435684.391831346
Mysuru,6031,9,1,15,1,1.0,38263217.6324676
Kolkata,2113,3,4,31,1,0.0,16674284.623898944
Mumbai,7574,1,5,3,3,1.0,129679047.67079914
Mumbai,9773,5,2,14,3,0.0,177312787.46055773
Mumbai,7788,2,1,47,0,0.0,137933556.3522443
Kolkata,6233,8,1,18,0,0.0,54077777.508197874
Chennai,6542,6,3,5,0,0.5,64377717.17287185
Bangalore,8070,3,4,22,3,1.0,96777225.2806279
Delhi,1230,9,2,3,5,0.5,21495244.618867565
Pune,6151,2,1,21,4,0.5,53113936.07502758
Mumbai,7569,8,5,21,1,0.5,150477390.21163934
Pune,2385,4,2,33,1,1.0,21019512.46750032
Bangalore,9445,6,1,17,5,1.0,111576869.33301961
Kolkata,2434,5,4,15,5,0.5,19490614.16793257
Pune,1664,9,2,16,2,0.0,16961744.798792224
Mysuru,3211,7,2,47,3,1.0,18667934.117058907
Kolkata,5874,1,1,12,5,0.0,46891840.30052541
Delhi,9696,5,1,12,5,0.0,131492924.96645783
Hyderabad,8019,3,5,23,3,0.5,82079658.42973737
Mysuru,9314,5,1,22,5,0.5,58942771.56460863
Mysuru,1081,3,2,22,5,0.5,7713018.431771793
Hyderabad,746,2,5,11,2,0.0,7097522.829109881
Bangalore,2339,8,4,18,2,1.0,33758910.96481157
Chennai,4755,1,5,10,1,1.0,45726547.26961589
Delhi,1259,7,4,16,0,0.0,19868996.36658639
Delhi,2959,1,3,25,1,0.0,43324439.91381046
Bangalore,5979,5,2,49,4,0.5,65169554.095305234
Mumbai,9944,2,2,38,0,0.5,168602050.4038063
Hyderabad,5149,4,1,3,4,1.0,50631952.54572722
Mumbai,6436,5,2,8,5,0.5,121364032.55165572
Pune,4870,8,1,34,4,0.5,44204459.656667545
Mumbai,9056,5,4,6,5,0.0,167095143.7321921
Mysuru,7183,1,5,19,2,0.0,48528178.0028147
Mysuru,6528,3,1,8,0,0.5,41920699.164569266
Delhi,8900,8,2,8,5,1.0,122954740.7795154
Mumbai,7155,4,4,9,3,0.0,123205160.71513389
Pune,4223,4,3,45,0,0.5,37351178.429216824
Pune,4195,3,1,45,1,1.0,38566949.21710689
Pune,9478,3,4,4,1,0.0,91817462.07428528
Pune,7494,6,5,43,5,0.5,74068511.97305174
Bangalore,6839,1,5,35,5,1.0,82100744.02203532
Pune,1230,9,1,41,2,1.0,12600539.520543441
Hyderabad,6799,7,3,41,2,0.5,63368536.08557694
Bangalore,776,2,5,21,2,1.0,11227452.30607723
Pune,658,5,5,13,0,1.0,8071031.669123828
Kolkata,8802,3,2,19,5,1.0,66051731.557395495
Bangalore,8396,8,4,22,4,1.0,93552899.68576643
Mysuru,9667,1,3,10,4,0.0,61086141.71009004
Mysuru,6145,2,2,7,4,1.0,39362040.160096414
Chennai,1067,9,4,35,0,1.0,12693587.389993077
Hyderabad,4409,4,5,47,5,0.0,46466002.86596836
Mysuru,7922,4,2,44,4,0.5,55413299.64511125
Kolkata,965,1,5,15,5,0.0,7910139.518381239
Bangalore,803,4,1,35,0,1.0,9845135.64983115
Chennai,3131,8,5,31,1,0.5,29986366.719077274
Bangalore,5175,5,3,0,0,0.5,65696552.00906536
Hyderabad,9384,8,1,7,2,0.0,91257849.05613846
Pune,8963,2,5,17,2,1.0,84962085.43027012
Pune,9284,6,3,6,1,0.5,84335348.44140713
Kolkata,1940,9,5,4,4,0.0,17901454.052834764
Pune,3445,6,3,3,4,1.0,34692021.91142802
Delhi,2718,4,1,15,2,1.0,40653580.724884965
Delhi,1115,7,1,25,3,0.0,16640914.965508232
Hyderabad,6281,8,2,48,1,1.0,64857649.8202986
Kolkata,2246,9,5,23,3,1.0,20076457.580582567
Chennai,6547,7,2,46,4,1.0,64674250.74736449
Delhi,8575,3,3,17,4,1.0,110245267.56570195
Delhi,570,4,3,44,1,0.5,8080165.624076653
Kolkata,7880,5,5,30,0,1.0,56116729.184957504
Pune,8590,6,1,3,2,0.5,82689042.11915527
Bangalore,4174,3,4,16,1,0.0,46986149.95657891
Chennai,2378,6,4,24,5,0.0,23106154.987934735
Hyderabad,4452,1,2,6,4,0.0,47931442.25263533
Pune,5408,7,5,6,1,1.0,53305637.84962708
Mysuru,6912,9,5,20,3,0.5,47069750.59684281
Hyderabad,3546,9,1,10,5,0.0,37089778.98801911
Mysuru,2889,5,4,47,3,0.5,18691972.880290955
Pune,7573,7,4,12,3,0.0,65783925.06769844
Mysuru,6824,4,1,35,5,0.5,40155786.9717551
Chennai,7933,9,5,26,0,0.0,73376564.8759523
Kolkata,997,5,4,0,3,0.5,8768461.264840005
Pune,2107,1,4,37,2,0.0,18289966.927355237
Mysuru,6906,3,1,8,1,0.0,47838898.8546096
Hyderabad,9981,9,5,47,2,0.5,106840074.81042264
Kolkata,5986,1,4,15,4,1.0,48777675.09470056
Chennai,3791,5,1,38,5,0.5,34419652.79790348
Bangalore,9096,8,5,17,5,0.5,110619706.25560178
Pune,8578,7,2,0,5,1.0,83015422.41937903
Chennai,1311,2,1,16,4,1.0,14085014.765880514
Delhi,7108,6,4,41,4,1.0,94240390.43808612
Kolkata,3507,6,5,25,3,0.0,28689381.3023172
Mysuru,3860,3,3,8,5,1.0,26690596.785990655
Mumbai,5174,3,4,31,3,0.5,90137884.55905548
Kolkata,9801,8,3,46,0,1.0,73103027.86897793
Bangalore,5765,2,2,4,4,0.0,70121566.82784946
Chennai,8008,4,1,30,3,0.0,72107538.42370167
Pune,6222,1,2,25,3,0.0,54549528.097745016
Bangalore,3626,2,1,30,3,0.5,45948768.07415169
Pune,1885,2,1,29,1,1.0,16542851.114686372
Pune,3382,9,3,20,4,0.5,31128797.535441622
Delhi,4622,6,4,21,4,0.5,61408836.289267085
Delhi,736,7,2,20,5,0.5,11828242.581816932
Mysuru,1532,4,5,33,4,0.0,10588192.392883066
Bangalore,1133,7,2,7,0,0.0,15365938.222718023
Mysuru,3946,1,2,16,4,0.5,25168537.899935775
Mysuru,3098,5,3,47,0,0.0,18741502.70256083
Chennai,4259,6,1,3,4,1.0,44083309.915403545
Delhi,6462,7,2,2,4,1.0,97516168.05077219
Pune,2240,3,2,34,0,0.5,19877434.647080317
Delhi,9066,8,3,48,4,1.0,122156011.0850668
Chennai,6696,5,1,7,3,0.5,71414181.7354792
Mysuru,8397,5,4,38,1,1.0,54813957.06404947
Delhi,1559,3,1,23,5,0.0,22706518.970762137
Chennai,5049,3,5,25,5,0.0,46212377.55782758
Hyderabad,1899,2,4,29,2,1.0,17740323.394589156
Chennai,836,4,1,13,3,0.0,8425276.893959997
Bangalore,8653,2,3,0,1,0.0,106419842.34130473
Kolkata,3877,5,2,2,2,1.0,30277984.06282076
Bangalore,3316,8,1,6,4,1.0,42651877.62423014
Mysuru,545,1,2,23,4,0.5,3959754.2827818585
Delhi,6217,9,1,37,1,0.0,85618297.70114249
Bangalore,3927,9,3,43,5,0.0,47685429.8578327
Chennai,829,2,5,7,5,0.0,8918221.51737443
Hyderabad,2303,3,4,36,5,1.0,23298174.878264707
Delhi,2115,7,3,36,0,1.0,32782140.537005454
Pune,5791,9,5,15,1,0.5,53046713.42635705
Pune,5106,9,4,36,1,0.5,50869442.39606279
Hyderabad,3775,3,2,0,0,0.0,38557627.94863139
Mumbai,7592,9,3,8,3,1.0,143840754.44513738
Pune,5511,7,3,7,1,0.0,48052775.53332067
Bangalore,2837,9,5,18,1,0.5,33487969.46042443
Hyderabad,9084,4,5,27,1,0.0,97174312.12567231
Hyderabad,5992,8,1,16,0,0.0,62305320.583543986
Mysuru,4128,9,4,37,3,0.0,29711772.82979021
Hyderabad,8428,5,3,35,0,0.5,76457284.33815369
Mumbai,3773,3,2,12,3,0.5,67882435.73331007
Bangalore,1580,4,2,7,2,0.5,20742059.284230467
Mumbai,8246,4,2,35,4,0.5,152128067.04709208
Chennai,3441,6,3,28,3,1.0,38688619.83435518
Mysuru,7541,8,4,0,4,0.5,47623896.6316948
Pune,8552,4,5,0,0,0.5,77315797.1722456
Delhi,1000,1,5,16,0,1.0,16177265.899194136
Bangalore,3557,7,1,21,1,0.0,44840621.867813595
Kolkata,7553,2,5,5,4,0.0,59399819.2577496
Mumbai,3476,9,4,25,5,1.0,63427021.95991945
Delhi,3654,6,2,12,0,0.5,50360708.85993076
Bangalore,4789,1,2,37,5,0.0,58620733.893966705
Chennai,7117,4,5,11,5,0.5,66359799.4079367
Bangalore,2831,2,4,15,4,0.5,32607991.369313814
Mumbai,2624,4,1,46,5,1.0,48270356.22549557
Hyderabad,2792,9,3,15,5,1.0,29374161.878184438
Delhi,4590,2,5,20,0,0.0,71474497.22357224
Chennai,9132,3,4,33,0,0.0,83221009.20358403
Mumbai,1370,2,4,22,1,0.5,26476781.225439645
Mumbai,8771,7,5,13,0,0.0,150890794.74328327
Delhi,2341,2,1,46,5,0.5,31685026.616749696
Bangalore,7517,8,4,10,1,0.5,96035054.2765626
Hyderabad,8390,2,1,26,5,0.5,89090396.7044871
Delhi,9483,6,4,27,4,0.0,125609322.64974217
Pune,3173,2,1,36,3,0.5,28627654.41268142
Bangalore,4757,5,3,3,3,1.0,61428336.67549327
Bangalore,8041,3,1,34,5,0.0,94754369.03944713
Delhi,4624,6,4,16,0,0.5,61797774.37057048
Kolkata,1363,4,2,36,5,1.0,10754830.301896077
Bangalore,5778,9,1,18,3,0.0,71870182.59596318
Mysuru,5886,8,5,20,5,0.5,41755776.04009018
Delhi,6267,7,4,7,1,1.0,91848708.85333279
Pune,2515,9,5,48,2,0.5,24386342.64785849
Chennai,9272,1,4,29,4,0.5,89719621.18190077
Mysuru,9246,8,5,34,3,1.0,57443087.86330888
Hyderabad,2156,4,3,4,4,0.5,22260827.859196536
Pune,5525,3,1,4,0,0.5,49401473.36161833
Hyderabad,4778,5,2,7,2,1.0,45971106.82904843
Hyderabad,1543,2,3,46,2,0.0,13973151.588795245
Chennai,809,6,4,21,2,1.0,10721679.130593017
Kolkata,7286,1,2,41,0,1.0,55155268.987577304
Mysuru,4737,6,1,17,3,1.0,33077579.91643223
Kolkata,8615,9,3,45,3,0.0,62380481.95398267
Kolkata,946,1,1,48,3,0.0,5971613.029519842
Mysuru,4480,7,1,19,5,1.0,32324443.42433279
Hyderabad,522,9,3,2,1,0.0,8348690.526990441
Pune,7498,9,2,38,0,0.5,62814954.139394574
Mysuru,9145,5,4,26,1,0.0,63073148.25015113
Bangalore,3954,8,2,13,5,0.0,52584857.62769779
Hyderabad,8250,2,1,35,0,0.0,82629232.69644295
Mysuru,4427,7,2,12,5,1.0,30065377.556280956
Chennai,5791,4,4,49,2,0.0,53976486.66044491
Kolkata,2306,5,4,23,3,0.0,19139645.64407436
Mysuru,9455,6,3,16,0,0.0,66518905.43463043
Delhi,1059,6,3,48,3,1.0,15226584.741314143
Mumbai,5429,8,1,1,2,0.0,91527108.49738026
Kolkata,2050,2,2,10,5,0.5,16643713.198316328
Bangalore,7101,1,4,34,2,1.0,85250772.25770041
Mumbai,2048,2,5,47,0,0.5,36289654.73411964
Mysuru,2535,5,3,20,2,1.0,18870718.893973198
Bangalore,1895,3,2,47,4,0.0,20642181.045663204
Mysuru,2686,7,5,20,3,1.0,20351499.922194
Kolkata,5696,7,5,37,4,0.0,45293312.109768525
Hyderabad,5136,2,2,2,4,0.0,57099372.2329909
Bangalore,9637,1,4,19,3,0.0,118105650.0892638
Chennai,6766,3,4,44,3,1.0,61466116.9055557
Mumbai,8462,7,4,41,4,1.0,139674730.2715531
Hyderabad,606,4,3,5,0,1.0,8211348.633579121
Bangalore,1395,2,2,20,0,0.0,15982933.42099556
Hyderabad,1885,2,4,8,1,1.0,20593048.05898602
Bangalore,9450,1,4,12,0,0.0,128576280.72625095
Mumbai,7993,4,3,43,4,0.0,142260690.4874397
Pune,3791,3,5,4,0,1.0,35369738.58683624
Hyderabad,3341,4,1,41,4,0.0,33321099.14611262
Delhi,8514,7,1,25,3,0.0,127706652.68170866
Chennai,1851,5,4,29,5,0.5,18896759.65715479
Bangalore,1522,6,2,34,3,0.0,17919192.358388674
Hyderabad,719,6,3,23,2,0.5,8586389.755477544
Hyderabad,9202,2,1,48,4,0.0,91734901.15393864
Chennai,7083,8,3,23,1,0.0,65186486.31212999
Pune,4392,1,1,37,1,1.0,40309875.825820945
Delhi,6989,1,1,14,3,0.0,101795385.2413549
Chennai,2833,2,3,46,3,1.0,24738354.04226274
Mumbai,7681,6,4,19,5,0.5,141383671.05123845
Pune,1068,4,1,33,5,0.5,9398577.26818255
Mysuru,4882,2,4,0,3,1.0,33733236.38442934
Mumbai,1625,6,2,39,5,0.5,32147074.682598796
Hyderabad,5370,8,3,38,2,0.0,52777784.34461527
Pune,6255,5,4,32,5,0.0,59978894.027862884
Kolkata,6914,3,3,46,2,0.5,52352392.811205685
Pune,3292,5,3,47,5,0.0,30567622.2331547
Chennai,9928,7,5,38,0,0.0,97609458.96491624
Hyderabad,3797,3,1,23,0,0.5,42024223.237221405
Hyderabad,5099,3,3,48,1,1.0,49539690.74280606
Pune,5662,2,1,46,3,0.0,47747231.44433078
Chennai,1716,4,4,23,3,0.0,16425109.489050299
Kolkata,9623,6,3,38,5,1.0,74303102.85773127
Hyderabad,8433,6,5,42,1,0.0,86966347.48278023
Mysuru,9868,2,3,38,1,1.0,63123494.21447475
Hyderabad,2435,6,3,31,5,0.5,24845707.722938877
Kolkata,7566,9,1,14,0,0.5,56448769.44520639
Delhi,2047,7,3,44,0,0.5,28557552.14921887
Chennai,5417,6,1,44,0,1.0,55065837.40728219
Chennai,1432,5,1,7,5,1.0,15032302.138859106
Mumbai,9222,2,2,46,5,0.0,149312450.15426433
Bangalore,9201,3,3,25,0,0.5,110610387.28535315
Hyderabad,5356,3,1,6,4,1.0,53615222.16694758
Bangalore,8760,1,3,7,1,0.5,99980247.55312487
Bangalore,7012,4,5,2,5,1.0,87558655.66464114
Kolkata,2803,2,5,21,2,0.5,20879456.743565135
Hyderabad,6972,8,5,40,5,1.0,75633818.26518124
Chennai,7730,8,1,25,0,1.0,78683024.91499208
Mumbai,2100,5,1,43,5,0.0,38621247.81892168
Delhi,3599,8,3,37,3,1.0,52186891.219973214
Bangalore,5809,5,5,37,4,0.5,70040540.16191596
Mysuru,6274,2,4,28,5,0.0,39570426.82606637
Mumbai,9578,5,4,37,3,1.0,171155170.8014844
Mysuru,7111,9,1,2,4,1.0,45806846.34849058
Kolkata,5991,3,3,26,3,1.0,45918675.975836836
Bangalore,1300,2,4,39,2,1.0,15723140.969362918
Chennai,2588,9,4,8,4,0.5,27151481.221180923
Mysuru,3091,2,2,13,2,0.5,20234432.4270683
Mysuru,3361,8,4,45,3,0.5,21859646.08595705
Hyderabad,5138,1,4,6,0,0.5,56049491.54745043
Delhi,5407,1,5,37,2,1.0,85624434.86875173
Kolkata,4049,6,4,36,2,0.5,32018293.654686075
Bangalore,9417,4,4,1,1,0.0,112058845.55881812
Delhi,9189,9,1,12,1,1.0,130130909.40890217
Kolkata,8001,6,5,46,2,1.0,63152454.55368777
Mumbai,2136,5,3,27,3,0.0,38490037.04284014
Hyderabad,8955,8,4,14,1,0.0,90211884.83840847
Mysuru,2377,6,4,17,5,1.0,17159394.973947566
Chennai,7925,4,4,40,5,1.0,78917700.70827809
Kolkata,3991,1,2,28,0,0.0,29675992.191336505
Bangalore,4157,9,4,36,3,1.0,52255508.93820283
Delhi,6667,1,5,13,1,0.0,102408255.93562347
Delhi,5867,6,1,21,0,1.0,79499313.00606778
Mysuru,4167,7,3,39,3,1.0,29094585.62011431
Mysuru,5900,9,3,12,5,0.0,44023928.19583843
Mumbai,4451,6,2,7,0,0.0,78680243.1563337
Pune,2351,2,2,26,5,1.0,22876304.646476537
Chennai,9448,8,4,31,3,1.0,88057682.51486853
Delhi,4631,2,3,0,0,1.0,71349939.25104937
Pune,7715,5,3,38,5,0.5,68356351.09458649
Delhi,6618,9,2,49,0,0.5,94013647.67392215
Mysuru,2113,9,4,3,1,0.5,16036762.780200968
Hyderabad,3645,8,2,27,2,0.0,36681655.353063315
Kolkata,8631,7,1,15,4,0.5,68437808.99262261
Mumbai,4012,3,5,23,2,1.0,78774642.47558919
Mumbai,2560,4,1,41,4,1.0,46524512.22479249
Mysuru,4797,4,5,15,0,0.0,29888880.522387777
Pune,1293,5,5,45,2,0.0,10840287.85311668
Hyderabad,2490,1,1,36,0,0.5,24965241.72639486
Delhi,6261,9,5,36,3,1.0,94405404.43581715
Chennai,3871,2,5,2,0,1.0,37197410.858085975
Bangalore,3017,9,4,20,1,0.5,32844472.74087187
Mysuru,7480,8,3,0,4,0.5,52554492.29000967
Mumbai,9009,6,4,45,4,0.0,153282489.445586
Mysuru,7907,7,2,30,3,1.0,57572526.286434084
Hyderabad,6041,3,2,4,2,0.5,57791960.46346691
Chennai,5203,3,5,7,3,0.5,49267157.26468062
Delhi,3063,2,3,3,3,0.5,45536305.0283711
Mumbai,6071,9,3,44,0,0.5,115656436.5235655
Chennai,3062,5,5,49,5,0.5,29510396.07370613
Pune,935,8,2,39,0,0.5,8615447.080106327
Mumbai,2150,5,4,15,1,0.5,35423375.53268657
Chennai,3291,5,5,10,4,0.0,32944538.531142425
Pune,5459,4,3,21,1,0.0,50272008.80858435
Delhi,9708,2,3,17,4,0.5,131643111.82168216
Mysuru,2605,2,1,6,3,0.5,17743404.613288924
Bangalore,7264,3,4,44,2,0.5,89286729.6691338
Chennai,4566,4,4,23,2,1.0,44611828.91682281
Delhi,4077,2,3,23,3,0.0,56512757.24174956
Mumbai,2877,2,3,6,0,1.0,60232278.59851381
Kolkata,6823,4,4,37,3,0.0,52091550.80569792
Mumbai,1119,7,5,36,4,1.0,21601954.354908336
Hyderabad,4539,9,2,43,3,0.5,43193846.49298692
Delhi,4794,2,4,13,1,0.5,59296955.91444347
Delhi,5142,7,2,32,5,1.0,71484596.19781812
Bangalore,6087,7,3,7,2,0.0,74927862.53318638
Pune,2044,7,2,10,0,0.5,19902119.831250153
Bangalore,7461,3,2,14,2,1.0,85108770.11274086
Mysuru,4748,4,4,24,2,1.0,30968342.835363977
Hyderabad,6260,5,2,41,5,0.5,61460295.60042999
Bangalore,7943,2,3,29,1,0.5,99338197.10811219
Pune,3242,6,1,21,2,1.0,30146582.956683524
Pune,6039,6,1,20,3,0.0,56998928.002401635
Delhi,4561,8,4,30,2,0.5,66510029.925638616
Chennai,5222,8,1,14,3,0.0,52993707.954752125
Mumbai,6355,8,3,14,4,1.0,118353337.9989981
Mumbai,6223,1,2,18,2,1.0,117996414.33423884
Delhi,1610,3,3,17,0,1.0,26158169.02934569
Delhi,8556,7,2,20,5,0.0,121873697.14458619
Mysuru,6131,7,2,22,3,0.0,34796261.618761435
Delhi,4407,1,1,32,5,1.0,58404923.52398142
Bangalore,8351,1,3,44,1,0.5,97988144.31873514
Pune,6606,6,3,41,3,1.0,59003027.516122006
Chennai,4700,2,1,43,4,0.0,42140423.49790902
Mumbai,2000,1,5,17,1,0.5,37609764.14517564
Pune,6100,7,5,33,0,1.0,54006093.89158611
Chennai,3842,5,2,49,0,0.0,33714604.23075939
Chennai,9194,6,2,26,0,0.0,86524034.49551284
Delhi,5333,4,2,35,2,0.0,76910831.75516109
Kolkata,6464,3,5,14,5,0.0,47062613.43030428
Chennai,3830,2,3,27,0,0.0,32201294.852969747
Kolkata,2396,3,3,23,3,0.5,19180222.313531917
Kolkata,3639,4,1,30,5,1.0,29331013.907351613
Kolkata,1078,3,4,9,1,0.0,7700310.84863213
Mumbai,8663,3,5,11,0,0.0,169422040.7241879
Mysuru,8095,9,5,36,3,0.0,52243163.26521377
Hyderabad,9126,5,3,5,0,0.0,86841794.88010307
Hyderabad,7341,6,1,21,1,1.0,79237065.4182065
Pune,8882,4,5,1,1,1.0,77731550.82702419
Delhi,8531,7,2,5,3,0.0,114960153.61075415
Mumbai,1695,3,1,20,3,1.0,32111703.472661786
Hyderabad,4642,2,3,47,4,1.0,48344757.92985236
Bangalore,9917,8,1,20,2,1.0,121998417.53092349
Mysuru,9133,1,4,9,5,0.5,55449648.579965025
Bangalore,2153,9,3,30,0,0.0,28267184.77295546
Kolkata,6889,8,3,46,5,0.5,54733322.93524247
Delhi,2993,4,5,7,0,0.5,40623551.00404799
Kolkata,3304,5,2,23,1,0.0,25723922.764084116
Delhi,929,5,3,24,4,1.0,15152619.361731596
Hyderabad,1027,6,5,11,3,0.5,12255667.810085446
Kolkata,9056,1,1,47,4,0.5,67225801.41549069
Mysuru,9073,3,1,49,1,0.5,63462237.27475151
Kolkata,8433,8,3,37,4,1.0,64642762.36992864
Kolkata,8595,1,1,38,4,1.0,62795352.69828873
Chennai,4562,6,2,34,5,1.0,44770134.15313041
Pune,6268,3,4,26,4,0.0,57086301.37077249
Bangalore,2225,6,1,10,0,0.0,27478239.875669897
Mumbai,3307,7,5,0,0,1.0,61728748.17909178
Bangalore,3067,1,3,43,2,1.0,37472938.74420496
Pune,3394,4,4,26,4,0.5,32907545.269477535
Kolkata,3584,7,3,44,4,1.0,28361362.76635483
Bangalore,4529,2,2,45,3,0.5,50239264.92043771
Delhi,4645,4,3,21,4,0.0,67610500.95303339
Delhi,7899,5,3,17,4,1.0,106462736.3818316
Mumbai,9780,2,4,13,3,0.5,176092375.60791773
Mysuru,5811,4,1,41,0,1.0,40321991.84825165
Mysuru,1368,8,2,26,0,0.5,9930252.227984136
Bangalore,6756,4,5,26,0,0.5,85585279.82297432
Bangalore,3318,1,3,0,5,0.0,43840056.88508901
Hyderabad,9008,1,1,27,1,0.5,85471913.49785697
Kolkata,8622,8,4,21,3,1.0,65281392.630984776
Hyderabad,2214,1,3,2,3,0.5,23862027.711141594
Chennai,6391,3,3,7,3,1.0,66234395.1561831
Kolkata,1426,7,2,41,1,1.0,11791882.674607545
Bangalore,8610,6,1,13,0,0.0,100178553.97662905
Mumbai,5645,8,2,15,5,0.5,102166006.58126694
Hyderabad,6692,3,5,11,3,0.5,73210518.04054552
Hyderabad,8373,2,3,16,1,0.5,78742044.03808981
Mumbai,4055,2,3,11,1,1.0,70390024.43673256
Chennai,3569,6,4,22,1,1.0,35033952.886308916
Mysuru,8986,8,2,40,5,1.0,54756879.97335881
Hyderabad,7810,5,2,4,5,0.0,69654424.67880765
Pune,4107,9,1,16,4,1.0,39806994.03001228
Kolkata,862,3,2,11,4,1.0,7789625.633979354
Pune,8999,6,2,28,0,0.0,84663297.33079147
Hyderabad,7918,4,5,36,5,0.0,79313429.71504752
Mumbai,8500,6,2,47,3,0.5,155973112.21463576
Chennai,5653,7,3,16,5,1.0,55709694.744359866
Bangalore,1602,2,5,9,0,0.0,20817389.50217151
Hyderabad,9947,4,4,27,5,0.5,94902288.20055857
Kolkata,4275,9,1,27,1,1.0,34084315.61199438
Mumbai,8808,7,5,9,5,1.0,154493133.41567802
Chennai,7620,7,4,37,4,0.0,75031363.00826713
Kolkata,4815,5,3,30,3,1.0,35217538.75555031
Pune,9888,4,5,28,0,0.5,93252142.69031109
Chennai,611,9,4,29,4,1.0,7534844.110153309
Mysuru,7540,1,3,14,3,1.0,48570823.74438863
Pune,3273,6,1,40,2,1.0,29718056.43888365
Chennai,3382,7,4,28,4,0.0,34121670.39099425
Delhi,1994,2,2,0,1,0.5,27453581.38780807
Mysuru,6146,1,1,43,1,0.5,37206843.57574725
Mysuru,1557,3,2,3,3,0.5,12630087.859045526
Kolkata,9996,4,2,46,3,0.0,75239783.75671956
Hyderabad,5958,4,2,48,0,0.0,62899562.4317887
Mumbai,5122,5,2,19,4,0.0,91925372.20996593
Mumbai,2182,6,4,42,4,0.5,39872766.62071841
Kolkata,3618,5,2,30,0,1.0,27687540.435213458
Kolkata,1775,3,3,28,1,0.5,14237515.92602355
Hyderabad,4525,7,5,34,1,1.0,48146814.90644305
Kolkata,3623,4,3,23,4,0.0,27271363.472071614
Mumbai,5735,4,3,17,1,0.0,107398818.97997382
Pune,825,7,5,15,0,1.0,9884639.278584577
Hyderabad,7310,9,5,21,2,0.5,74299047.01366109
Chennai,2511,5,1,31,2,0.5,23350396.85188134
Pune,3506,2,1,24,3,1.0,33919157.95663509
Delhi,8602,7,2,31,0,0.5,118669179.13993815
Mysuru,3390,6,1,11,0,0.5,23094938.57346702
Hyderabad,5549,1,1,31,5,1.0,53170678.479118735
Kolkata,5181,4,1,49,2,0.0,39296739.98929885
Delhi,9030,2,5,3,4,0.5,136900977.23638532
Hyderabad,5423,9,5,25,5,1.0,56494382.22529763
Hyderabad,6340,3,3,13,0,0.0,62487446.96777835
Mumbai,6309,2,3,16,2,0.5,111180871.86759545
Mysuru,1100,2,2,25,0,0.5,6853080.341255385
Mumbai,4988,7,4,25,0,0.0,90276133.45515227
Mysuru,6424,8,2,19,0,1.0,42743236.50928115
Hyderabad,8138,5,4,34,0,1.0,73903615.43147059
Pune,2122,2,5,3,1,1.0,20371808.314639747
Bangalore,7823,2,3,12,0,0.0,91172197.89776692
Kolkata,1973,2,5,28,4,0.5,16073160.142301865
Hyderabad,3751,2,5,26,2,0.5,39556981.51319515
Mumbai,4757,7,4,20,4,0.5,95347498.2570994
Delhi,1639,9,5,26,3,1.0,24942748.958767097
Mumbai,6452,6,3,0,0,0.0,115060805.05895516
Hyderabad,8543,4,5,0,0,1.0,86629294.34827048
Mumbai,7348,2,2,8,3,0.0,135158946.47192264
Mumbai,9283,3,1,17,3,1.0,175977152.54244012
Kolkata,7151,1,3,4,1,0.5,53953027.19185319
Hyderabad,4456,6,4,22,5,0.0,46499128.6340083
Mumbai,8420,4,4,43,0,0.0,138318370.61216843
Hyderabad,6972,1,1,35,5,1.0,76328167.85428888
Kolkata,7508,2,2,3,0,0.0,53954272.91054538
Pune,4855,6,5,18,2,0.0,42779911.022283725
Mysuru,6550,4,3,22,5,1.0,48091009.93648026
Kolkata,9525,8,1,20,3,0.0,65342228.95553813
Mysuru,7118,4,5,12,4,1.0,49855551.04687848
Kolkata,8346,7,2,29,1,0.5,62850741.42466938
Delhi,7649,7,2,6,4,0.0,106264806.41990106
Mysuru,8083,1,1,47,2,1.0,53531347.88180644
Bangalore,3705,9,5,14,1,0.0,49639632.3397305
Bangalore,7985,8,1,0,0,0.5,88240451.01582463
Pune,3712,1,3,3,4,0.5,36654416.66055908
Mysuru,4516,5,2,39,3,0.0,30436742.72343544
Kolkata,942,1,1,14,0,0.5,7203940.809994108
Hyderabad,6266,9,1,32,3,0.0,66992089.084272236
Pune,2325,5,3,24,0,0.0,20918858.487826515
Hyderabad,7159,7,2,10,2,0.5,67652627.3541772
Chennai,5376,7,3,18,3,0.5,51997577.41989444
Pune,6847,5,3,36,5,0.5,61607764.98202871
Delhi,1710,5,4,22,1,0.5,24372691.863278706
Mumbai,8625,4,5,41,0,0.5,160217246.70489305
Mysuru,7842,8,2,34,0,0.0,52622461.11762171
Chennai,5944,4,2,41,4,1.0,59652295.16087992
Delhi,4365,6,4,31,2,0.0,64261564.807856165
Hyderabad,8794,9,3,12,5,0.0,86335498.54344441
Pune,1827,3,5,33,2,0.5,17089049.9786748
Mysuru,6418,2,4,26,4,0.0,42057123.85700724
Bangalore,6218,1,4,20,3,1.0,82820626.99085699
Chennai,7204,1,2,1,0,1.0,65586493.937509716
Bangalore,9860,2,1,4,3,0.0,122329320.54793069
Kolkata,8462,8,5,27,5,1.0,69466928.8295324
Chennai,3454,2,5,47,5,1.0,31856821.38925948
Hyderabad,8297,4,3,4,0,1.0,85390850.52684698
Delhi,6811,9,1,46,1,0.5,102572087.1923644
Chennai,3977,2,1,0,2,0.0,38780475.97273257
Mysuru,4768,2,2,15,4,0.0,31489773.718121346
Pune,3055,2,3,21,2,0.5,25345770.367804628
Kolkata,6804,8,1,43,4,1.0,51850857.4731974
Hyderabad,3089,7,2,6,1,0.0,32147544.943232127
Kolkata,1438,3,3,35,0,1.0,10845198.464699939
Kolkata,8475,2,3,38,5,0.5,64758793.14365545
Hyderabad,7466,1,4,25,2,0.5,69681263.02589463
Bangalore,4156,3,3,48,1,1.0,50524210.414797075
Hyderabad,709,8,1,5,1,0.0,8208022.799180016
Bangalore,3324,3,4,23,5,0.5,40388504.45248634
Mysuru,5948,8,2,16,0,1.0,38472521.94047094
Bangalore,3056,3,1,20,4,0.5,36244957.09817446
Chennai,2521,6,3,41,2,0.5,23784522.608057946
Bangalore,1213,1,4,25,4,0.5,15679758.556502389
Hyderabad,1925,1,2,14,3,0.5,19057780.469214533
Chennai,3357,1,4,46,3,1.0,33305448.944419123
Pune,3237,8,3,9,5,0.5,30596406.542370025
Pune,6833,1,3,38,1,1.0,65130244.74387591
Hyderabad,5425,5,3,23,5,0.5,51524068.71932509
Delhi,1748,6,3,27,1,0.0,26174126.534065276
Mumbai,7517,2,2,20,4,0.0,127295034.04781847
Mysuru,9275,1,1,31,5,0.0,59101107.619108275
Mysuru,2298,7,3,7,0,1.0,18748086.798748255
Pune,7909,6,2,32,2,0.5,72152004.54888117
Hyderabad,7457,4,5,15,5,0.0,69359947.28835273
Delhi,537,7,1,25,2,0.0,7853457.692420413
Hyderabad,3114,7,1,7,3,0.0,32842928.730526004
Delhi,6936,1,3,18,0,0.0,101555714.04880705
Kolkata,3690,4,1,22,4,1.0,28059572.019614957
Pune,4287,4,5,30,4,0.0,37540920.436714865
Delhi,8414,8,1,44,4,0.0,106996933.8557534
Hyderabad,2554,3,3,8,1,0.0,27607485.27639559
Pune,8813,1,1,37,5,1.0,85252912.89972033
Kolkata,2915,8,4,48,0,0.0,21578549.13542718
Pune,5503,9,3,35,4,0.5,55015293.501001075
Chennai,6148,2,4,9,3,0.5,63989201.395828485
Mysuru,2396,4,5,5,0,1.0,18457010.579673592
Mumbai,5210,5,5,29,0,0.5,100234787.59014308
Pune,7159,7,4,24,3,0.0,70287586.9036593
Kolkata,6119,4,5,11,0,0.0,45742934.08984278
Delhi,5941,1,2,25,0,0.0,84237343.55690734
Mysuru,3274,3,2,14,2,0.5,23486684.080346376
Hyderabad,8415,4,2,5,0,0.5,77450245.76547837
Chennai,7763,3,2,14,0,1.0,69238931.47435685
Delhi,4454,3,4,23,4,1.0,58207668.30630012
Bangalore,7641,2,3,19,0,0.0,96217712.08671051
Chennai,3949,8,2,6,5,0.5,42384949.7614646
Kolkata,9080,3,5,9,4,1.0,66375952.46180786
Kolkata,8773,9,5,1,5,1.0,71873467.4063597
Pune,5235,7,2,28,0,1.0,46930567.31128873
Delhi,8607,1,3,27,0,1.0,130878024.3487745
Bangalore,9536,9,5,22,2,0.0,111500264.24320394
Mumbai,9970,2,1,31,2,0.0,186905559.44161665
Pune,5661,2,4,1,2,0.5,53667006.96487105
Mysuru,5757,9,2,29,2,0.0,36716033.507059924
Mumbai,2235,2,1,40,0,0.0,36528877.91793538
Kolkata,1742,5,5,34,4,0.0,14161230.563663777
Kolkata,2525,9,4,14,5,0.5,23238288.44167242
Mysuru,9252,1,1,27,3,0.0,60626749.7556931
Mumbai,3258,8,1,4,5,0.5,61701478.8642959
Mysuru,2864,1,3,0,2,0.5,18610344.861220516
Bangalore,3302,5,3,42,4,1.0,40732152.68396319
Kolkata,1649,2,1,47,2,0.5,12071441.140558084
Chennai,1200,9,5,44,4,0.0,12375626.159703832
Mysuru,6864,6,1,9,4,0.0,48553328.709605865
Mysuru,2149,5,4,9,0,1.0,16163943.675511977
Hyderabad,7554,8,2,5,4,0.5,78216779.07871929
Chennai,2756,9,2,27,0,1.0,26405346.16425504
Hyderabad,9944,7,2,19,1,1.0,113901738.31750092
Delhi,5203,4,4,32,5,0.5,69285943.71544906
Pune,1654,5,3,30,5,1.0,15503839.914607905
Pune,9716,3,4,11,3,1.0,85752599.53572358
Mumbai,7440,2,1,18,5,0.0,130401899.84322622
Mysuru,5850,6,2,15,1,1.0,37380108.61166042
Mysuru,4149,3,2,4,1,1.0,31510527.782853603
Delhi,1799,2,1,19,0,0.0,24978005.96498653
Pune,3551,7,4,47,4,1.0,33566651.671183646
Pune,7582,6,5,41,2,0.5,69384621.87792355
Chennai,2796,5,3,13,4,0.5,28723052.66133938
Mumbai,4521,3,3,4,3,1.0,87334832.5643986
Chennai,7557,7,5,46,5,1.0,74334248.28463797
Chennai,6973,4,5,44,4,1.0,66587085.47437885
Chennai,5954,4,4,44,2,0.0,60205694.30349345
Pune,4945,5,5,28,4,0.0,48436217.312474035
